GSR_mean,GSR_variance,HR_mean,HR_variance,75_percentile_GSR,75_percentile_HR,GSRmean_persen_diff,HRmean_persent_diff,GSRmean_diff,HRmean_diff,valence_acc_video,arousal_acc_video,P_id,video_id,Score
0.7620930232558139,0.0005852352623039,0.5212704918032787,4.6675960763235736e-05,0.7790697674418605,0.5225409836065574,0.4585933197746114,0.0009719812933836,0.4585933197746114,0.0009719812933836,0,0,18,4,0.053057587197656575
0.7416279069767442,0.0003639264467279,0.5225819672131147,3.1869793066380046e-05,0.7558139534883721,0.5235655737704918,0.4381282034955417,0.0003394941164523,0.4381282034955417,0.0003394941164523,0,0,18,4,3.146587129540412e-10
0.7404651162790696,0.0003160627366143,0.522233606557377,3.2007944772910445e-05,0.7558139534883721,0.5233094262295083,0.4369654127978672,8.866539285223851e-06,0.4369654127978672,8.866539285223851e-06,0,0,18,4,0.029151870475419745
0.7402325581395348,0.0003926987560843,0.5225614754098361,2.3619742676699865e-05,0.7558139534883721,0.5233094262295083,0.4367328546583324,0.0003190023131738,0.4367328546583324,0.0003190023131738,0,0,18,4,1.5447138436041561e-07
0.7327906976744185,0.0002622498647917,0.522889344262295,2.488452364955661e-05,0.7441860465116279,0.5225409836065574,0.4292909941932161,0.0006468711656327,0.4292909941932161,0.0006468711656327,0,0,18,4,2.5059890030624672e-05
0.7316279069767441,0.0004047593293672,0.5224180327868853,2.496976619188399e-05,0.7441860465116279,0.5222848360655739,0.4281282034955416,0.0001755596902229,0.4281282034955416,0.0001755596902229,0,0,18,4,7.553639228220427e-06
0.7293023255813954,0.0002381828015143,0.5226844262295082,2.5279242811072365e-05,0.7441860465116279,0.5225409836065574,0.425802622100193,0.0004419531328458,0.425802622100193,0.0004419531328458,0,0,18,4,2.3329645041296635e-05
0.7276744186046511,0.0003574364521362,0.5223975409836066,2.0492223192690217e-05,0.7441860465116279,0.5225409836065574,0.4241747151234487,0.0001550678869443,0.4241747151234487,0.0001550678869443,0,0,18,4,1.4154023149089852e-10
0.7299999999999999,0.0002936181719848,0.5222540983606557,2.0703439935501316e-05,0.7441860465116279,0.5235655737704918,0.4265002965187974,1.1625263993453316e-05,0.4265002965187974,1.1625263993453316e-05,0,0,18,4,0.0018661692062743632
0.7348837209302326,0.0004867495943753,0.5228073770491803,2.7664354340231213e-05,0.7558139534883721,0.5243340163934427,0.4313840174490301,0.000564903952518,0.4313840174490301,0.000564903952518,0,0,18,4,5.351457943868614e-08
0.7351162790697674,0.0003314764737696,0.5224795081967213,2.9915093388873963e-05,0.7558139534883721,0.5233094262295083,0.431616575588565,0.000237035100059,0.431616575588565,0.000237035100059,0,0,18,4,0.325890413683287
0.7039534883720929,0.0004067604110329,0.5229918032786885,2.8182948132222564e-05,0.7209302325581395,0.5233094262295083,0.4004537848908905,0.0007493301820262,0.4004537848908905,0.0007493301820262,0,0,18,4,0.002830563895918057
0.7025581395348837,0.0002871281773931,0.5225204918032788,1.6229256248320326e-05,0.7209302325581395,0.5233094262295083,0.3990584360536812,0.0002780187066164,0.3990584360536812,0.0002780187066164,0,0,18,4,1.2515138816672602e-05
0.7023255813953487,0.0003839913466738,0.5225000000000001,1.7802674012362355e-05,0.7209302325581395,0.5243340163934427,0.3988258779141463,0.0002575269033378,0.3988258779141463,0.0002575269033378,0,0,18,4,0.0027096801325819245
0.7081395348837208,0.0002339102217414,0.5223975409836065,2.8680546224133385e-05,0.7209302325581395,0.5251024590163935,0.4046398314025184,0.0001550678869441,0.4046398314025184,0.0001550678869441,0,0,18,4,0.10055928342642795
0.7211627906976744,0.0003433747971876,0.5224385245901639,1.739493751679663e-05,0.7325581395348837,0.5243340163934427,0.417663087216472,0.0001960514935016,0.417663087216472,0.0001960514935016,0,0,18,4,0.0011448700883589602
0.73,0.0003585181179015,0.5227459016393443,2.154158828271982e-05,0.7441860465116279,0.5245901639344263,0.4265002965187975,0.000503428542682,0.4265002965187975,0.000503428542682,0,0,18,4,0.040056658436329225
0.7244186046511626,0.0003366684694429,0.5226639344262296,2.5473662993818898e-05,0.7441860465116279,0.5235655737704918,0.4209189011699601,0.0004214613295673,0.4209189011699601,0.0004214613295673,0,0,18,4,0.001426808524286729
0.7267441860465115,0.0003096268253109,0.5228483606557378,2.0964206530502615e-05,0.7441860465116279,0.5235655737704918,0.423244482565309,0.0006058875590755,0.423244482565309,0.0006058875590755,0,0,18,4,1.9467391211668622e-05
0.7216279069767443,0.0003321254732287,0.5221926229508197,1.84598394248859e-05,0.7441860465116279,0.5225409836065574,0.4181282034955418,4.9850145842578186e-05,0.4181282034955418,4.9850145842578186e-05,0,0,18,4,0.026913062711735134
0.7253488372093024,0.0003509464575446,0.522561475409836,1.27439700349369e-05,0.7441860465116279,0.5225409836065574,0.4218491337281,0.0003190023131737,0.4218491337281,0.0003190023131737,0,0,18,4,0.048370029422160656
0.733953488372093,0.0002846944294213,0.5227049180327868,1.3746304756785864e-05,0.7441860465116279,0.5243340163934427,0.4304537848908905,0.0004624449361245,0.4304537848908905,0.0004624449361245,0,0,18,4,0.03190600726341905
0.7267441860465115,0.0003853434288804,0.5222131147540983,3.814666756248322e-05,0.7441860465116279,0.5253586065573771,0.423244482565309,2.935834256401204e-05,0.423244482565309,2.935834256401204e-05,0,0,18,4,0.003985719484448093
0.7362790697674418,0.0003376960519199,0.5228893442622952,2.8705741064230157e-05,0.7558139534883721,0.5243340163934427,0.4327793662862394,0.0006468711656328,0.4327793662862394,0.0006468711656328,0,0,18,4,0.0018944135468503087
0.7386046511627907,0.0003906976744186,0.5220286885245902,1.6597100913732917e-05,0.7558139534883721,0.5235655737704918,0.4351049476815883,0.0002137845720721,0.4351049476815883,0.0002137845720721,0,0,18,4,0.04137370882609967
0.7360465116279069,0.0002717685235262,0.5229508196721312,1.2555428648212902e-05,0.7558139534883721,0.5245901639344263,0.4325468081467045,0.0007083465754689,0.4325468081467045,0.0007083465754689,0,0,18,4,1.9635010561856342e-05
0.7367441860465115,0.0003664683612763,0.5232581967213116,1.5673290110185546e-05,0.7558139534883721,0.5243340163934427,0.433244482565309,0.0010157236246493,0.433244482565309,0.0010157236246493,0,0,18,4,0.034227373713987416
0.7376744186046511,0.0002550567874526,0.5228483606557377,2.247589693630756e-05,0.7558139534883721,0.5235655737704918,0.4341747151234487,0.0006058875590754,0.4341747151234487,0.0006058875590754,0,0,18,4,0.017920124622857726
0.7372093023255815,0.0003785830178474,0.522889344262295,2.652218825584529e-05,0.752906976744186,0.5245901639344263,0.433709598844379,0.0006468711656327,0.433709598844379,0.0006468711656327,0,0,18,4,0.013846795925537838
0.7341860465116278,0.0003083288263926,0.52297131147541,3.027957874227361e-05,0.7558139534883721,0.5225409836065574,0.4306863430304253,0.0007288383787477,0.4306863430304253,0.0007288383787477,0,0,18,4,1.9800476466667485e-05
0.7346511627906978,0.0002687398593834,0.522561475409836,2.7398968691212108e-05,0.7441860465116279,0.5233094262295083,0.4311514593094953,0.0003190023131737,0.4311514593094953,0.0003190023131737,0,0,18,4,2.1825760755991804e-05
0.7255813953488373,0.0002866414277988,0.5222950819672131,2.387463047567868e-05,0.7441860465116279,0.5243340163934427,0.4220816918676348,5.260887055080765e-05,0.4220816918676348,5.260887055080765e-05,0,0,18,4,
