,Time_series,GSR,HR,timestamp,time2,subject,video_id
0,1896572,581,511,1754398375026,2025-08-05 18:22:55.026543+05:30,19,3
1,1896674,581,513,1754398375127,2025-08-05 18:22:55.127553+05:30,19,3
2,1896774,580,507,1754398375228,2025-08-05 18:22:55.228451+05:30,19,3
3,1896876,580,510,1754398375329,2025-08-05 18:22:55.329279+05:30,19,3
4,1896976,581,522,1754398375430,2025-08-05 18:22:55.430129+05:30,19,3
5,1897077,581,514,1754398375531,2025-08-05 18:22:55.531080+05:30,19,3
6,1897178,582,509,1754398375631,2025-08-05 18:22:55.631866+05:30,19,3
7,1897279,583,510,1754398375732,2025-08-05 18:22:55.732870+05:30,19,3
8,1897380,583,509,1754398375833,2025-08-05 18:22:55.833797+05:30,19,3
9,1897481,583,510,1754398375934,2025-08-05 18:22:55.934712+05:30,19,3
10,1897582,584,514,1754398376035,2025-08-05 18:22:56.035455+05:30,19,3
11,1897682,585,521,1754398376136,2025-08-05 18:22:56.136270+05:30,19,3
12,1897784,585,509,1754398376237,2025-08-05 18:22:56.237170+05:30,19,3
13,1897884,585,511,1754398376338,2025-08-05 18:22:56.338014+05:30,19,3
14,1897986,585,512,1754398376438,2025-08-05 18:22:56.438982+05:30,19,3
15,1898086,585,510,1754398376540,2025-08-05 18:22:56.540287+05:30,19,3
16,1898187,585,514,1754398376640,2025-08-05 18:22:56.640960+05:30,19,3
17,1898288,584,522,1754398376741,2025-08-05 18:22:56.741693+05:30,19,3
18,1898389,584,511,1754398376842,2025-08-05 18:22:56.842566+05:30,19,3
19,1898489,583,510,1754398376943,2025-08-05 18:22:56.943414+05:30,19,3
20,1898591,584,511,1754398377044,2025-08-05 18:22:57.044530+05:30,19,3
21,1898691,582,510,1754398377145,2025-08-05 18:22:57.145142+05:30,19,3
22,1898792,579,513,1754398377246,2025-08-05 18:22:57.246195+05:30,19,3
23,1898893,581,519,1754398377347,2025-08-05 18:22:57.347042+05:30,19,3
24,1898994,580,512,1754398377447,2025-08-05 18:22:57.447712+05:30,19,3
25,1899095,580,509,1754398377548,2025-08-05 18:22:57.548760+05:30,19,3
26,1899196,580,511,1754398377649,2025-08-05 18:22:57.649542+05:30,19,3
27,1899296,581,509,1754398377750,2025-08-05 18:22:57.750851+05:30,19,3
28,1899398,582,506,1754398377851,2025-08-05 18:22:57.851324+05:30,19,3
29,1899498,582,522,1754398377952,2025-08-05 18:22:57.952190+05:30,19,3
30,1899599,583,510,1754398378053,2025-08-05 18:22:58.053024+05:30,19,3
31,1899700,583,510,1754398378154,2025-08-05 18:22:58.154323+05:30,19,3
32,1899801,584,512,1754398378255,2025-08-05 18:22:58.255217+05:30,19,3
33,1899901,584,510,1754398378355,2025-08-05 18:22:58.355648+05:30,19,3
34,1900003,585,512,1754398378456,2025-08-05 18:22:58.456555+05:30,19,3
35,1900103,584,522,1754398378557,2025-08-05 18:22:58.557554+05:30,19,3
36,1900205,583,512,1754398378658,2025-08-05 18:22:58.658573+05:30,19,3
37,1900306,581,510,1754398378759,2025-08-05 18:22:58.759279+05:30,19,3
38,1900406,581,513,1754398378860,2025-08-05 18:22:58.860101+05:30,19,3
39,1900508,579,513,1754398378961,2025-08-05 18:22:58.961079+05:30,19,3
40,1900608,578,512,1754398379062,2025-08-05 18:22:59.062135+05:30,19,3
41,1900709,576,519,1754398379162,2025-08-05 18:22:59.162876+05:30,19,3
42,1900810,575,514,1754398379263,2025-08-05 18:22:59.263934+05:30,19,3
43,1900911,574,509,1754398379364,2025-08-05 18:22:59.364535+05:30,19,3
44,1901011,573,513,1754398379465,2025-08-05 18:22:59.465502+05:30,19,3
45,1901113,572,512,1754398379566,2025-08-05 18:22:59.566420+05:30,19,3
46,1901213,573,511,1754398379667,2025-08-05 18:22:59.667304+05:30,19,3
47,1901315,573,520,1754398379768,2025-08-05 18:22:59.768197+05:30,19,3
48,1901415,573,515,1754398379869,2025-08-05 18:22:59.869221+05:30,19,3
49,1901516,573,508,1754398379970,2025-08-05 18:22:59.970266+05:30,19,3
50,1901617,574,513,1754398380071,2025-08-05 18:23:00.071232+05:30,19,3
51,1901718,576,511,1754398380172,2025-08-05 18:23:00.172053+05:30,19,3
52,1901818,576,512,1754398380272,2025-08-05 18:23:00.272700+05:30,19,3
53,1901920,577,515,1754398380373,2025-08-05 18:23:00.373498+05:30,19,3
54,1902020,577,519,1754398380474,2025-08-05 18:23:00.474466+05:30,19,3
55,1902121,577,509,1754398380575,2025-08-05 18:23:00.575398+05:30,19,3
56,1902222,576,512,1754398380676,2025-08-05 18:23:00.676077+05:30,19,3
57,1902323,576,511,1754398380777,2025-08-05 18:23:00.777020+05:30,19,3
58,1902424,577,508,1754398380877,2025-08-05 18:23:00.877748+05:30,19,3
59,1902525,576,512,1754398380978,2025-08-05 18:23:00.978610+05:30,19,3
60,1902625,572,517,1754398381079,2025-08-05 18:23:01.079475+05:30,19,3
61,1902727,574,516,1754398381180,2025-08-05 18:23:01.180309+05:30,19,3
62,1902827,572,509,1754398381281,2025-08-05 18:23:01.281221+05:30,19,3
63,1902928,572,513,1754398381382,2025-08-05 18:23:01.382115+05:30,19,3
64,1903030,572,512,1754398381482,2025-08-05 18:23:01.482980+05:30,19,3
65,1903130,571,510,1754398381584,2025-08-05 18:23:01.583993+05:30,19,3
66,1903232,573,507,1754398381684,2025-08-05 18:23:01.684733+05:30,19,3
67,1903332,571,523,1754398381785,2025-08-05 18:23:01.785761+05:30,19,3
68,1903433,572,513,1754398381886,2025-08-05 18:23:01.886736+05:30,19,3
69,1903534,573,508,1754398381987,2025-08-05 18:23:01.987549+05:30,19,3
70,1903635,573,512,1754398382088,2025-08-05 18:23:02.088436+05:30,19,3
71,1903735,575,511,1754398382189,2025-08-05 18:23:02.189749+05:30,19,3
72,1903837,576,511,1754398382290,2025-08-05 18:23:02.290389+05:30,19,3
73,1903937,576,513,1754398382391,2025-08-05 18:23:02.391279+05:30,19,3
74,1904038,577,519,1754398382492,2025-08-05 18:23:02.492234+05:30,19,3
75,1904139,577,509,1754398382592,2025-08-05 18:23:02.592950+05:30,19,3
76,1904240,577,511,1754398382693,2025-08-05 18:23:02.693951+05:30,19,3
77,1904340,577,513,1754398382794,2025-08-05 18:23:02.794433+05:30,19,3
78,1904442,576,512,1754398382895,2025-08-05 18:23:02.895428+05:30,19,3
79,1904542,576,510,1754398382996,2025-08-05 18:23:02.996258+05:30,19,3
80,1904644,576,519,1754398383097,2025-08-05 18:23:03.097062+05:30,19,3
81,1904744,575,516,1754398383198,2025-08-05 18:23:03.198296+05:30,19,3
82,1904845,574,509,1754398383299,2025-08-05 18:23:03.298997+05:30,19,3
83,1904946,573,513,1754398383399,2025-08-05 18:23:03.399922+05:30,19,3
84,1905047,572,513,1754398383500,2025-08-05 18:23:03.500711+05:30,19,3
85,1905147,572,510,1754398383601,2025-08-05 18:23:03.601455+05:30,19,3
86,1905249,572,512,1754398383702,2025-08-05 18:23:03.702345+05:30,19,3
87,1905349,572,522,1754398383803,2025-08-05 18:23:03.803275+05:30,19,3
88,1905451,572,513,1754398383904,2025-08-05 18:23:03.904285+05:30,19,3
89,1905551,572,509,1754398384005,2025-08-05 18:23:04.005040+05:30,19,3
90,1905652,573,514,1754398384105,2025-08-05 18:23:04.105884+05:30,19,3
91,1905753,576,510,1754398384206,2025-08-05 18:23:04.206834+05:30,19,3
92,1905854,574,513,1754398384307,2025-08-05 18:23:04.307690+05:30,19,3
93,1905955,577,513,1754398384408,2025-08-05 18:23:04.408651+05:30,19,3
94,1906056,577,522,1754398384509,2025-08-05 18:23:04.509403+05:30,19,3
95,1906157,577,512,1754398384610,2025-08-05 18:23:04.610350+05:30,19,3
96,1906257,578,509,1754398384711,2025-08-05 18:23:04.711308+05:30,19,3
97,1906359,578,514,1754398384812,2025-08-05 18:23:04.812073+05:30,19,3
98,1906459,577,511,1754398384912,2025-08-05 18:23:04.912946+05:30,19,3
99,1906561,578,511,1754398385013,2025-08-05 18:23:05.013938+05:30,19,3
100,1906661,576,512,1754398385114,2025-08-05 18:23:05.114793+05:30,19,3
101,1906762,577,521,1754398385215,2025-08-05 18:23:05.215612+05:30,19,3
102,1906863,576,510,1754398385316,2025-08-05 18:23:05.316413+05:30,19,3
103,1906964,574,510,1754398385417,2025-08-05 18:23:05.417342+05:30,19,3
104,1907064,574,512,1754398385518,2025-08-05 18:23:05.518255+05:30,19,3
105,1907166,573,512,1754398385619,2025-08-05 18:23:05.619165+05:30,19,3
106,1907266,573,510,1754398385720,2025-08-05 18:23:05.720032+05:30,19,3
107,1907367,572,519,1754398385820,2025-08-05 18:23:05.820948+05:30,19,3
108,1907468,573,518,1754398385921,2025-08-05 18:23:05.921872+05:30,19,3
109,1907569,573,509,1754398386022,2025-08-05 18:23:06.022740+05:30,19,3
110,1907670,575,511,1754398386123,2025-08-05 18:23:06.123811+05:30,19,3
111,1907771,574,511,1754398386224,2025-08-05 18:23:06.224825+05:30,19,3
112,1907871,575,509,1754398386325,2025-08-05 18:23:06.325273+05:30,19,3
113,1907973,576,512,1754398386426,2025-08-05 18:23:06.426202+05:30,19,3
114,1908073,577,521,1754398386527,2025-08-05 18:23:06.527238+05:30,19,3
115,1908174,578,510,1754398386628,2025-08-05 18:23:06.628034+05:30,19,3
116,1908275,577,509,1754398386728,2025-08-05 18:23:06.728963+05:30,19,3
117,1908376,579,507,1754398386829,2025-08-05 18:23:06.829850+05:30,19,3
118,1908476,577,513,1754398386930,2025-08-05 18:23:06.930957+05:30,19,3
119,1908578,578,510,1754398387031,2025-08-05 18:23:07.031480+05:30,19,3
120,1908679,578,514,1754398387132,2025-08-05 18:23:07.132665+05:30,19,3
121,1908780,577,521,1754398387233,2025-08-05 18:23:07.233388+05:30,19,3
122,1908881,576,509,1754398387334,2025-08-05 18:23:07.334201+05:30,19,3
123,1908981,575,513,1754398387435,2025-08-05 18:23:07.435247+05:30,19,3
124,1909083,575,511,1754398387536,2025-08-05 18:23:07.536294+05:30,19,3
125,1909183,574,508,1754398387636,2025-08-05 18:23:07.636830+05:30,19,3
126,1909284,574,508,1754398387737,2025-08-05 18:23:07.737603+05:30,19,3
127,1909385,573,522,1754398387838,2025-08-05 18:23:07.838507+05:30,19,3
128,1909486,573,516,1754398387939,2025-08-05 18:23:07.939784+05:30,19,3
129,1909586,573,509,1754398388040,2025-08-05 18:23:08.040330+05:30,19,3
130,1909688,573,512,1754398388141,2025-08-05 18:23:08.141386+05:30,19,3
131,1909788,574,511,1754398388242,2025-08-05 18:23:08.242211+05:30,19,3
132,1909890,575,510,1754398388343,2025-08-05 18:23:08.343293+05:30,19,3
133,1909990,575,511,1754398388443,2025-08-05 18:23:08.443899+05:30,19,3
134,1910091,577,520,1754398388544,2025-08-05 18:23:08.544803+05:30,19,3
135,1910192,577,512,1754398388645,2025-08-05 18:23:08.645831+05:30,19,3
136,1910293,578,510,1754398388746,2025-08-05 18:23:08.746429+05:30,19,3
137,1910393,578,512,1754398388847,2025-08-05 18:23:08.847483+05:30,19,3
138,1910495,578,510,1754398388948,2025-08-05 18:23:08.948186+05:30,19,3
139,1910595,578,510,1754398389049,2025-08-05 18:23:09.049118+05:30,19,3
140,1910696,578,514,1754398389149,2025-08-05 18:23:09.149920+05:30,19,3
141,1910797,578,521,1754398389251,2025-08-05 18:23:09.251031+05:30,19,3
142,1910898,577,508,1754398389351,2025-08-05 18:23:09.351793+05:30,19,3
143,1910999,576,515,1754398389452,2025-08-05 18:23:09.452641+05:30,19,3
144,1911100,576,513,1754398389553,2025-08-05 18:23:09.553465+05:30,19,3
145,1911200,574,508,1754398389654,2025-08-05 18:23:09.654374+05:30,19,3
146,1911302,574,509,1754398389755,2025-08-05 18:23:09.755406+05:30,19,3
147,1911403,573,521,1754398389856,2025-08-05 18:23:09.856221+05:30,19,3
148,1911503,574,517,1754398389957,2025-08-05 18:23:09.957383+05:30,19,3
149,1911605,574,508,1754398390058,2025-08-05 18:23:10.057982+05:30,19,3
150,1911705,574,513,1754398390158,2025-08-05 18:23:10.158931+05:30,19,3
151,1911806,574,512,1754398390259,2025-08-05 18:23:10.259804+05:30,19,3
152,1911907,574,509,1754398390360,2025-08-05 18:23:10.360785+05:30,19,3
153,1912008,576,509,1754398390461,2025-08-05 18:23:10.461411+05:30,19,3
154,1912109,577,520,1754398390562,2025-08-05 18:23:10.562305+05:30,19,3
155,1912210,577,511,1754398390663,2025-08-05 18:23:10.663240+05:30,19,3
156,1912310,578,511,1754398390764,2025-08-05 18:23:10.764040+05:30,19,3
157,1912412,578,513,1754398390864,2025-08-05 18:23:10.864938+05:30,19,3
158,1912512,578,510,1754398390966,2025-08-05 18:23:10.966063+05:30,19,3
159,1912613,579,511,1754398391066,2025-08-05 18:23:11.066882+05:30,19,3
160,1912714,579,511,1754398391167,2025-08-05 18:23:11.167702+05:30,19,3
161,1912815,579,523,1754398391268,2025-08-05 18:23:11.268692+05:30,19,3
162,1912915,578,511,1754398391369,2025-08-05 18:23:11.369427+05:30,19,3
163,1913017,577,511,1754398391470,2025-08-05 18:23:11.470299+05:30,19,3
164,1913117,576,512,1754398391571,2025-08-05 18:23:11.571150+05:30,19,3
165,1913219,575,507,1754398391672,2025-08-05 18:23:11.671995+05:30,19,3
166,1913319,575,512,1754398391772,2025-08-05 18:23:11.772895+05:30,19,3
167,1913420,573,518,1754398391873,2025-08-05 18:23:11.873774+05:30,19,3
168,1913521,575,518,1754398391974,2025-08-05 18:23:11.974737+05:30,19,3
169,1913622,574,510,1754398392075,2025-08-05 18:23:12.075551+05:30,19,3
170,1913722,575,511,1754398392176,2025-08-05 18:23:12.176513+05:30,19,3
171,1913824,576,513,1754398392277,2025-08-05 18:23:12.277266+05:30,19,3
172,1913924,575,505,1754398392378,2025-08-05 18:23:12.378208+05:30,19,3
173,1914025,576,510,1754398392479,2025-08-05 18:23:12.479046+05:30,19,3
174,1914127,577,522,1754398392580,2025-08-05 18:23:12.580085+05:30,19,3
175,1914227,577,512,1754398392680,2025-08-05 18:23:12.680925+05:30,19,3
176,1914329,579,507,1754398392781,2025-08-05 18:23:12.781706+05:30,19,3
177,1914429,578,516,1754398392882,2025-08-05 18:23:12.882548+05:30,19,3
178,1914530,579,509,1754398392983,2025-08-05 18:23:12.983498+05:30,19,3
179,1914631,579,509,1754398393084,2025-08-05 18:23:13.084450+05:30,19,3
180,1914732,579,519,1754398393185,2025-08-05 18:23:13.185284+05:30,19,3
181,1914832,579,519,1754398393286,2025-08-05 18:23:13.286303+05:30,19,3
182,1914934,578,509,1754398393387,2025-08-05 18:23:13.387035+05:30,19,3
183,1915034,578,510,1754398393488,2025-08-05 18:23:13.488022+05:30,19,3
184,1915136,577,511,1754398393588,2025-08-05 18:23:13.588804+05:30,19,3
185,1915236,576,510,1754398393689,2025-08-05 18:23:13.689677+05:30,19,3
186,1915337,576,512,1754398393790,2025-08-05 18:23:13.790863+05:30,19,3
187,1915438,575,523,1754398393891,2025-08-05 18:23:13.891379+05:30,19,3
188,1915539,575,512,1754398393992,2025-08-05 18:23:13.992343+05:30,19,3
189,1915639,574,510,1754398394093,2025-08-05 18:23:14.093343+05:30,19,3
190,1915741,574,512,1754398394194,2025-08-05 18:23:14.194059+05:30,19,3
191,1915841,574,511,1754398394295,2025-08-05 18:23:14.295240+05:30,19,3
192,1915942,575,506,1754398394396,2025-08-05 18:23:14.396084+05:30,19,3
193,1916043,574,515,1754398394496,2025-08-05 18:23:14.496704+05:30,19,3
194,1916144,577,521,1754398394597,2025-08-05 18:23:14.597756+05:30,19,3
195,1916244,577,508,1754398394698,2025-08-05 18:23:14.698506+05:30,19,3
196,1916346,579,512,1754398394799,2025-08-05 18:23:14.799384+05:30,19,3
197,1916446,579,509,1754398394900,2025-08-05 18:23:14.900234+05:30,19,3
198,1916548,580,508,1754398395001,2025-08-05 18:23:15.001218+05:30,19,3
199,1916649,580,511,1754398395102,2025-08-05 18:23:15.102061+05:30,19,3
200,1916749,579,522,1754398395202,2025-08-05 18:23:15.202967+05:30,19,3
201,1916851,580,510,1754398395303,2025-08-05 18:23:15.303850+05:30,19,3
202,1916951,579,512,1754398395405,2025-08-05 18:23:15.405095+05:30,19,3
203,1917052,579,512,1754398395505,2025-08-05 18:23:15.505695+05:30,19,3
204,1917153,578,511,1754398395606,2025-08-05 18:23:15.606508+05:30,19,3
205,1917254,577,508,1754398395707,2025-08-05 18:23:15.707529+05:30,19,3
206,1917355,577,523,1754398395808,2025-08-05 18:23:15.808238+05:30,19,3
207,1917456,576,513,1754398395909,2025-08-05 18:23:15.909097+05:30,19,3
208,1917556,576,510,1754398396010,2025-08-05 18:23:16.009997+05:30,19,3
209,1917658,575,512,1754398396111,2025-08-05 18:23:16.111107+05:30,19,3
210,1917758,576,508,1754398396211,2025-08-05 18:23:16.211839+05:30,19,3
211,1917859,575,511,1754398396312,2025-08-05 18:23:16.312643+05:30,19,3
212,1917960,576,518,1754398396413,2025-08-05 18:23:16.413513+05:30,19,3
213,1918061,575,517,1754398396514,2025-08-05 18:23:16.514647+05:30,19,3
214,1918161,576,508,1754398396615,2025-08-05 18:23:16.615592+05:30,19,3
215,1918263,577,512,1754398396716,2025-08-05 18:23:16.716292+05:30,19,3
216,1918363,577,509,1754398396817,2025-08-05 18:23:16.817261+05:30,19,3
217,1918465,578,509,1754398396918,2025-08-05 18:23:16.918131+05:30,19,3
218,1918565,579,512,1754398397019,2025-08-05 18:23:17.019024+05:30,19,3
219,1918666,580,525,1754398397119,2025-08-05 18:23:17.119837+05:30,19,3
220,1918767,580,510,1754398397220,2025-08-05 18:23:17.220736+05:30,19,3
221,1918868,580,509,1754398397321,2025-08-05 18:23:17.321538+05:30,19,3
222,1918968,579,511,1754398397422,2025-08-05 18:23:17.422293+05:30,19,3
223,1919070,580,509,1754398397523,2025-08-05 18:23:17.523213+05:30,19,3
224,1919171,580,509,1754398397624,2025-08-05 18:23:17.624108+05:30,19,3
225,1919271,578,520,1754398397725,2025-08-05 18:23:17.725387+05:30,19,3
226,1919373,577,518,1754398397826,2025-08-05 18:23:17.826196+05:30,19,3
227,1919473,576,510,1754398397926,2025-08-05 18:23:17.926873+05:30,19,3
228,1919575,577,511,1754398398027,2025-08-05 18:23:18.027850+05:30,19,3
229,1919675,577,509,1754398398128,2025-08-05 18:23:18.128815+05:30,19,3
230,1919776,575,509,1754398398229,2025-08-05 18:23:18.229581+05:30,19,3
231,1919877,573,505,1754398398330,2025-08-05 18:23:18.330517+05:30,19,3
232,1919978,575,522,1754398398431,2025-08-05 18:23:18.431427+05:30,19,3
233,1920078,576,512,1754398398532,2025-08-05 18:23:18.532300+05:30,19,3
234,1920180,576,510,1754398398633,2025-08-05 18:23:18.633435+05:30,19,3
235,1920280,576,512,1754398398734,2025-08-05 18:23:18.734054+05:30,19,3
236,1920381,577,510,1754398398834,2025-08-05 18:23:18.834778+05:30,19,3
237,1920482,578,510,1754398398935,2025-08-05 18:23:18.935924+05:30,19,3
238,1920583,578,514,1754398399036,2025-08-05 18:23:19.036528+05:30,19,3
239,1920684,580,520,1754398399137,2025-08-05 18:23:19.137508+05:30,19,3
240,1920785,580,509,1754398399238,2025-08-05 18:23:19.238347+05:30,19,3
241,1920885,580,513,1754398399339,2025-08-05 18:23:19.339195+05:30,19,3
242,1920987,581,511,1754398399440,2025-08-05 18:23:19.440099+05:30,19,3
243,1921087,578,509,1754398399540,2025-08-05 18:23:19.540900+05:30,19,3
244,1921188,579,509,1754398399641,2025-08-05 18:23:19.641873+05:30,19,3
245,1921289,579,523,1754398399743,2025-08-05 18:23:19.743002+05:30,19,3
246,1921390,579,510,1754398399843,2025-08-05 18:23:19.843601+05:30,19,3
247,1921490,578,511,1754398399944,2025-08-05 18:23:19.944791+05:30,19,3
248,1921592,577,508,1754398400045,2025-08-05 18:23:20.045550+05:30,19,3
249,1921692,575,512,1754398400146,2025-08-05 18:23:20.146241+05:30,19,3
250,1921794,576,509,1754398400247,2025-08-05 18:23:20.247183+05:30,19,3
251,1921894,576,521,1754398400348,2025-08-05 18:23:20.348012+05:30,19,3
252,1921995,575,513,1754398400449,2025-08-05 18:23:20.449259+05:30,19,3
253,1922097,574,509,1754398400549,2025-08-05 18:23:20.549970+05:30,19,3
254,1922197,576,511,1754398400650,2025-08-05 18:23:20.650767+05:30,19,3
255,1922298,576,512,1754398400751,2025-08-05 18:23:20.751443+05:30,19,3
256,1922399,577,509,1754398400852,2025-08-05 18:23:20.852285+05:30,19,3
257,1922500,577,520,1754398400953,2025-08-05 18:23:20.953170+05:30,19,3
258,1922600,578,517,1754398401054,2025-08-05 18:23:21.054058+05:30,19,3
259,1922702,579,508,1754398401155,2025-08-05 18:23:21.155121+05:30,19,3
260,1922802,579,511,1754398401255,2025-08-05 18:23:21.255835+05:30,19,3
261,1922904,580,511,1754398401356,2025-08-05 18:23:21.356713+05:30,19,3
262,1923004,581,510,1754398401457,2025-08-05 18:23:21.457612+05:30,19,3
263,1923105,581,517,1754398401558,2025-08-05 18:23:21.558491+05:30,19,3
264,1923206,581,517,1754398401659,2025-08-05 18:23:21.659452+05:30,19,3
265,1923307,580,509,1754398401760,2025-08-05 18:23:21.760147+05:30,19,3
266,1923407,579,511,1754398401861,2025-08-05 18:23:21.861132+05:30,19,3
267,1923509,578,511,1754398401961,2025-08-05 18:23:21.961944+05:30,19,3
268,1923609,577,511,1754398402062,2025-08-05 18:23:22.062898+05:30,19,3
269,1923710,577,508,1754398402163,2025-08-05 18:23:22.163768+05:30,19,3
270,1923811,576,523,1754398402264,2025-08-05 18:23:22.264589+05:30,19,3
271,1923912,575,512,1754398402365,2025-08-05 18:23:22.365453+05:30,19,3
272,1924013,576,510,1754398402466,2025-08-05 18:23:22.466312+05:30,19,3
273,1924114,575,510,1754398402567,2025-08-05 18:23:22.567460+05:30,19,3
274,1924214,575,510,1754398402668,2025-08-05 18:23:22.668403+05:30,19,3
275,1924316,576,511,1754398402769,2025-08-05 18:23:22.769351+05:30,19,3
276,1924416,576,521,1754398402870,2025-08-05 18:23:22.870270+05:30,19,3
277,1924517,577,514,1754398402970,2025-08-05 18:23:22.970750+05:30,19,3
278,1924618,577,510,1754398403071,2025-08-05 18:23:23.071764+05:30,19,3
279,1924719,579,511,1754398403172,2025-08-05 18:23:23.172556+05:30,19,3
280,1924819,580,510,1754398403273,2025-08-05 18:23:23.273388+05:30,19,3
281,1924921,579,510,1754398403374,2025-08-05 18:23:23.374376+05:30,19,3
282,1925022,580,518,1754398403475,2025-08-05 18:23:23.475338+05:30,19,3
283,1925123,582,516,1754398403576,2025-08-05 18:23:23.576115+05:30,19,3
284,1925224,581,511,1754398403677,2025-08-05 18:23:23.677167+05:30,19,3
285,1925324,580,511,1754398403777,2025-08-05 18:23:23.777895+05:30,19,3
286,1925426,580,511,1754398403878,2025-08-05 18:23:23.878708+05:30,19,3
287,1925526,579,511,1754398403979,2025-08-05 18:23:23.979643+05:30,19,3
288,1925627,579,516,1754398404080,2025-08-05 18:23:24.080391+05:30,19,3
289,1925728,579,519,1754398404181,2025-08-05 18:23:24.181392+05:30,19,3
290,1925829,577,510,1754398404282,2025-08-05 18:23:24.282179+05:30,19,3
291,1925929,577,511,1754398404383,2025-08-05 18:23:24.383057+05:30,19,3
292,1926031,576,510,1754398404483,2025-08-05 18:23:24.483981+05:30,19,3
293,1926131,573,509,1754398404584,2025-08-05 18:23:24.584803+05:30,19,3
294,1926233,576,512,1754398404685,2025-08-05 18:23:24.685729+05:30,19,3
295,1926333,575,522,1754398404786,2025-08-05 18:23:24.786601+05:30,19,3
296,1926434,576,513,1754398404887,2025-08-05 18:23:24.887445+05:30,19,3
297,1926535,576,509,1754398404988,2025-08-05 18:23:24.988323+05:30,19,3
298,1926636,577,510,1754398405089,2025-08-05 18:23:25.089316+05:30,19,3
299,1926736,578,511,1754398405190,2025-08-05 18:23:25.190167+05:30,19,3
300,1926838,579,510,1754398405290,2025-08-05 18:23:25.290942+05:30,19,3
301,1926938,579,518,1754398405391,2025-08-05 18:23:25.391813+05:30,19,3
302,1927040,580,518,1754398405492,2025-08-05 18:23:25.492764+05:30,19,3
303,1927140,580,509,1754398405593,2025-08-05 18:23:25.593644+05:30,19,3
304,1927241,582,513,1754398405694,2025-08-05 18:23:25.694497+05:30,19,3
305,1927342,581,508,1754398405795,2025-08-05 18:23:25.795400+05:30,19,3
306,1927443,581,509,1754398405896,2025-08-05 18:23:25.896254+05:30,19,3
307,1927543,581,513,1754398405997,2025-08-05 18:23:25.997182+05:30,19,3
308,1927645,580,521,1754398406098,2025-08-05 18:23:26.097994+05:30,19,3
309,1927745,579,510,1754398406199,2025-08-05 18:23:26.198986+05:30,19,3
310,1927846,578,510,1754398406299,2025-08-05 18:23:26.299826+05:30,19,3
311,1927947,577,512,1754398406400,2025-08-05 18:23:26.400838+05:30,19,3
312,1928048,576,511,1754398406502,2025-08-05 18:23:26.501990+05:30,19,3
313,1928150,576,511,1754398406602,2025-08-05 18:23:26.602688+05:30,19,3
314,1928250,576,520,1754398406703,2025-08-05 18:23:26.703453+05:30,19,3
315,1928351,576,513,1754398406804,2025-08-05 18:23:26.804429+05:30,19,3
316,1928452,576,509,1754398406905,2025-08-05 18:23:26.905433+05:30,19,3
317,1928553,576,512,1754398407006,2025-08-05 18:23:27.006181+05:30,19,3
318,1928653,576,511,1754398407107,2025-08-05 18:23:27.107128+05:30,19,3
319,1928755,576,509,1754398407207,2025-08-05 18:23:27.207745+05:30,19,3
320,1928855,577,516,1754398407308,2025-08-05 18:23:27.308645+05:30,19,3
321,1928956,578,516,1754398407409,2025-08-05 18:23:27.409485+05:30,19,3
322,1929057,580,509,1754398407510,2025-08-05 18:23:27.510327+05:30,19,3
323,1929158,580,512,1754398407611,2025-08-05 18:23:27.611265+05:30,19,3
324,1929259,581,509,1754398407712,2025-08-05 18:23:27.712094+05:30,19,3
325,1929360,581,510,1754398407813,2025-08-05 18:23:27.813029+05:30,19,3
326,1929460,581,520,1754398407913,2025-08-05 18:23:27.913876+05:30,19,3
327,1929562,580,516,1754398408014,2025-08-05 18:23:28.014873+05:30,19,3
328,1929662,581,509,1754398408115,2025-08-05 18:23:28.115795+05:30,19,3
329,1929763,580,513,1754398408216,2025-08-05 18:23:28.216749+05:30,19,3
330,1929864,579,510,1754398408317,2025-08-05 18:23:28.317439+05:30,19,3
331,1929965,578,511,1754398408418,2025-08-05 18:23:28.418312+05:30,19,3
332,1930065,578,515,1754398408519,2025-08-05 18:23:28.519254+05:30,19,3
333,1930167,577,521,1754398408619,2025-08-05 18:23:28.619990+05:30,19,3
334,1930267,576,511,1754398408720,2025-08-05 18:23:28.720943+05:30,19,3
335,1930369,576,510,1754398408821,2025-08-05 18:23:28.821820+05:30,19,3
336,1930469,575,511,1754398408922,2025-08-05 18:23:28.922698+05:30,19,3
337,1930570,576,511,1754398409023,2025-08-05 18:23:29.023766+05:30,19,3
338,1930671,574,510,1754398409124,2025-08-05 18:23:29.124489+05:30,19,3
339,1930772,576,521,1754398409225,2025-08-05 18:23:29.225410+05:30,19,3
340,1930872,577,514,1754398409326,2025-08-05 18:23:29.326416+05:30,19,3
341,1930974,578,511,1754398409427,2025-08-05 18:23:29.427565+05:30,19,3
342,1931075,578,511,1754398409528,2025-08-05 18:23:29.528211+05:30,19,3
343,1931175,579,508,1754398409629,2025-08-05 18:23:29.629023+05:30,19,3
344,1931277,581,510,1754398409729,2025-08-05 18:23:29.729758+05:30,19,3
345,1931377,579,512,1754398409830,2025-08-05 18:23:29.830622+05:30,19,3
346,1931479,581,522,1754398409931,2025-08-05 18:23:29.931498+05:30,19,3
347,1931579,581,511,1754398410032,2025-08-05 18:23:30.032438+05:30,19,3
348,1931680,581,510,1754398410133,2025-08-05 18:23:30.133371+05:30,19,3
349,1931781,580,513,1754398410234,2025-08-05 18:23:30.234227+05:30,19,3
350,1931882,580,510,1754398410335,2025-08-05 18:23:30.335105+05:30,19,3
351,1931982,581,509,1754398410435,2025-08-05 18:23:30.435870+05:30,19,3
352,1932084,577,522,1754398410536,2025-08-05 18:23:30.536736+05:30,19,3
353,1932184,578,513,1754398410637,2025-08-05 18:23:30.637710+05:30,19,3
354,1932285,578,510,1754398410738,2025-08-05 18:23:30.738576+05:30,19,3
355,1932386,576,512,1754398410839,2025-08-05 18:23:30.839623+05:30,19,3
356,1932487,577,510,1754398410940,2025-08-05 18:23:30.940402+05:30,19,3
357,1932588,576,512,1754398411041,2025-08-05 18:23:31.041243+05:30,19,3
358,1932689,576,515,1754398411142,2025-08-05 18:23:31.142383+05:30,19,3
359,1932789,577,518,1754398411242,2025-08-05 18:23:31.242978+05:30,19,3
360,1932891,577,509,1754398411343,2025-08-05 18:23:31.343837+05:30,19,3
361,1932991,577,510,1754398411444,2025-08-05 18:23:31.444669+05:30,19,3
362,1933092,577,512,1754398411545,2025-08-05 18:23:31.545645+05:30,19,3
363,1933193,578,511,1754398411646,2025-08-05 18:23:31.646765+05:30,19,3
364,1933294,580,512,1754398411747,2025-08-05 18:23:31.747492+05:30,19,3
365,1933394,579,520,1754398411848,2025-08-05 18:23:31.848614+05:30,19,3
366,1933496,581,510,1754398411949,2025-08-05 18:23:31.949303+05:30,19,3
367,1933596,581,509,1754398412050,2025-08-05 18:23:32.050104+05:30,19,3
368,1933698,581,512,1754398412150,2025-08-05 18:23:32.150863+05:30,19,3
369,1933798,581,510,1754398412251,2025-08-05 18:23:32.251882+05:30,19,3
370,1933899,581,512,1754398412352,2025-08-05 18:23:32.352633+05:30,19,3
371,1934001,581,520,1754398412453,2025-08-05 18:23:32.453581+05:30,19,3
372,1934101,580,517,1754398412554,2025-08-05 18:23:32.554393+05:30,19,3
373,1934202,580,509,1754398412655,2025-08-05 18:23:32.655472+05:30,19,3
374,1934303,579,511,1754398412756,2025-08-05 18:23:32.756122+05:30,19,3
375,1934404,578,511,1754398412857,2025-08-05 18:23:32.857068+05:30,19,3
376,1934504,576,510,1754398412957,2025-08-05 18:23:32.957901+05:30,19,3
377,1934606,576,515,1754398413058,2025-08-05 18:23:33.058836+05:30,19,3
378,1934706,576,519,1754398413159,2025-08-05 18:23:33.159679+05:30,19,3
379,1934808,575,509,1754398413260,2025-08-05 18:23:33.260650+05:30,19,3
380,1934908,576,512,1754398413361,2025-08-05 18:23:33.361454+05:30,19,3
381,1935009,576,510,1754398413462,2025-08-05 18:23:33.462574+05:30,19,3
382,1935110,577,511,1754398413563,2025-08-05 18:23:33.563345+05:30,19,3
383,1935211,579,512,1754398413664,2025-08-05 18:23:33.664130+05:30,19,3
384,1935311,578,520,1754398413764,2025-08-05 18:23:33.764937+05:30,19,3
385,1935413,579,512,1754398413865,2025-08-05 18:23:33.865823+05:30,19,3
386,1935513,581,509,1754398413966,2025-08-05 18:23:33.966815+05:30,19,3
387,1935614,582,511,1754398414067,2025-08-05 18:23:34.067959+05:30,19,3
388,1935715,581,511,1754398414168,2025-08-05 18:23:34.168534+05:30,19,3
389,1935816,581,512,1754398414269,2025-08-05 18:23:34.269534+05:30,19,3
390,1935917,581,520,1754398414370,2025-08-05 18:23:34.370473+05:30,19,3
391,1936018,582,517,1754398414471,2025-08-05 18:23:34.471274+05:30,19,3
392,1936118,582,510,1754398414572,2025-08-05 18:23:34.572190+05:30,19,3
393,1936220,581,511,1754398414673,2025-08-05 18:23:34.673009+05:30,19,3
394,1936320,580,511,1754398414773,2025-08-05 18:23:34.773890+05:30,19,3
395,1936421,580,512,1754398414874,2025-08-05 18:23:34.874659+05:30,19,3
396,1936522,579,506,1754398414975,2025-08-05 18:23:34.975557+05:30,19,3
397,1936623,578,523,1754398415076,2025-08-05 18:23:35.076483+05:30,19,3
398,1936724,577,515,1754398415177,2025-08-05 18:23:35.177249+05:30,19,3
399,1936825,579,508,1754398415278,2025-08-05 18:23:35.278198+05:30,19,3
400,1936926,577,510,1754398415379,2025-08-05 18:23:35.379116+05:30,19,3
401,1937027,577,510,1754398415479,2025-08-05 18:23:35.479899+05:30,19,3
402,1937128,577,509,1754398415580,2025-08-05 18:23:35.580863+05:30,19,3
403,1937228,576,511,1754398415681,2025-08-05 18:23:35.681781+05:30,19,3
404,1937330,577,520,1754398415782,2025-08-05 18:23:35.782612+05:30,19,3
405,1937430,578,513,1754398415883,2025-08-05 18:23:35.883594+05:30,19,3
406,1937531,579,509,1754398415984,2025-08-05 18:23:35.984323+05:30,19,3
407,1937632,580,512,1754398416085,2025-08-05 18:23:36.085271+05:30,19,3
408,1937733,581,511,1754398416186,2025-08-05 18:23:36.186195+05:30,19,3
409,1937833,581,510,1754398416287,2025-08-05 18:23:36.287272+05:30,19,3
410,1937935,582,516,1754398416387,2025-08-05 18:23:36.387879+05:30,19,3
411,1938035,582,518,1754398416488,2025-08-05 18:23:36.488836+05:30,19,3
412,1938137,581,510,1754398416589,2025-08-05 18:23:36.589696+05:30,19,3
413,1938237,582,512,1754398416690,2025-08-05 18:23:36.690913+05:30,19,3
414,1938338,580,512,1754398416791,2025-08-05 18:23:36.791543+05:30,19,3
415,1938439,580,510,1754398416892,2025-08-05 18:23:36.892492+05:30,19,3
416,1938540,580,512,1754398416993,2025-08-05 18:23:36.993396+05:30,19,3
417,1938640,579,520,1754398417094,2025-08-05 18:23:37.094358+05:30,19,3
418,1938742,579,512,1754398417195,2025-08-05 18:23:37.195153+05:30,19,3
419,1938842,577,509,1754398417296,2025-08-05 18:23:37.296460+05:30,19,3
420,1938944,577,510,1754398417397,2025-08-05 18:23:37.396987+05:30,19,3
421,1939044,577,509,1754398417497,2025-08-05 18:23:37.497706+05:30,19,3
422,1939145,577,511,1754398417598,2025-08-05 18:23:37.598599+05:30,19,3
423,1939246,576,519,1754398417699,2025-08-05 18:23:37.699671+05:30,19,3
424,1939347,576,511,1754398417800,2025-08-05 18:23:37.800510+05:30,19,3
425,1939448,577,511,1754398417901,2025-08-05 18:23:37.901096+05:30,19,3
426,1939549,578,512,1754398418002,2025-08-05 18:23:38.002162+05:30,19,3
427,1939650,579,510,1754398418103,2025-08-05 18:23:38.103360+05:30,19,3
428,1939750,580,510,1754398418204,2025-08-05 18:23:38.204071+05:30,19,3
429,1939852,580,518,1754398418304,2025-08-05 18:23:38.304629+05:30,19,3
430,1939952,581,517,1754398418405,2025-08-05 18:23:38.405778+05:30,19,3
431,1940054,582,509,1754398418506,2025-08-05 18:23:38.506366+05:30,19,3
432,1940154,584,512,1754398418607,2025-08-05 18:23:38.607403+05:30,19,3
433,1940255,582,511,1754398418708,2025-08-05 18:23:38.708159+05:30,19,3
434,1940356,583,508,1754398418809,2025-08-05 18:23:38.809100+05:30,19,3
435,1940457,581,515,1754398418909,2025-08-05 18:23:38.909937+05:30,19,3
436,1940557,581,518,1754398419010,2025-08-05 18:23:39.010910+05:30,19,3
437,1940659,580,513,1754398419111,2025-08-05 18:23:39.111670+05:30,19,3
438,1940759,579,509,1754398419212,2025-08-05 18:23:39.212674+05:30,19,3
439,1940860,578,512,1754398419313,2025-08-05 18:23:39.313553+05:30,19,3
440,1940961,577,511,1754398419414,2025-08-05 18:23:39.414573+05:30,19,3
441,1941062,578,510,1754398419515,2025-08-05 18:23:39.515298+05:30,19,3
442,1941163,576,519,1754398419616,2025-08-05 18:23:39.616109+05:30,19,3
443,1941264,576,516,1754398419717,2025-08-05 18:23:39.717001+05:30,19,3
444,1941364,576,509,1754398419818,2025-08-05 18:23:39.817991+05:30,19,3
445,1941466,577,512,1754398419918,2025-08-05 18:23:39.918791+05:30,19,3
446,1941566,578,511,1754398420019,2025-08-05 18:23:40.019600+05:30,19,3
447,1941667,578,507,1754398420120,2025-08-05 18:23:40.120517+05:30,19,3
448,1941768,578,518,1754398420221,2025-08-05 18:23:40.221335+05:30,19,3
449,1941869,580,517,1754398420322,2025-08-05 18:23:40.322310+05:30,19,3
450,1941969,580,511,1754398420423,2025-08-05 18:23:40.423184+05:30,19,3
451,1942071,582,512,1754398420524,2025-08-05 18:23:40.524474+05:30,19,3
452,1942172,581,511,1754398420624,2025-08-05 18:23:40.624917+05:30,19,3
453,1942273,582,511,1754398420725,2025-08-05 18:23:40.725847+05:30,19,3
454,1942374,582,512,1754398420826,2025-08-05 18:23:40.826661+05:30,19,3
455,1942474,582,520,1754398420927,2025-08-05 18:23:40.927615+05:30,19,3
456,1942576,582,512,1754398421028,2025-08-05 18:23:41.028610+05:30,19,3
457,1942676,581,509,1754398421129,2025-08-05 18:23:41.129492+05:30,19,3
458,1942777,579,510,1754398421230,2025-08-05 18:23:41.230241+05:30,19,3
459,1942878,580,510,1754398421331,2025-08-05 18:23:41.331235+05:30,19,3
460,1942979,579,512,1754398421432,2025-08-05 18:23:41.432181+05:30,19,3
461,1943079,578,519,1754398421533,2025-08-05 18:23:41.533370+05:30,19,3
462,1943181,577,516,1754398421633,2025-08-05 18:23:41.633823+05:30,19,3
463,1943281,577,508,1754398421734,2025-08-05 18:23:41.734661+05:30,19,3
464,1943383,577,515,1754398421835,2025-08-05 18:23:41.835559+05:30,19,3
465,1943483,576,509,1754398421936,2025-08-05 18:23:41.936431+05:30,19,3
466,1943584,577,510,1754398422037,2025-08-05 18:23:42.037238+05:30,19,3
467,1943685,578,515,1754398422138,2025-08-05 18:23:42.138154+05:30,19,3
468,1943786,578,520,1754398422239,2025-08-05 18:23:42.239133+05:30,19,3
469,1943886,579,510,1754398422339,2025-08-05 18:23:42.339919+05:30,19,3
470,1943988,579,511,1754398422440,2025-08-05 18:23:42.440851+05:30,19,3
471,1944088,580,513,1754398422541,2025-08-05 18:23:42.541642+05:30,19,3
472,1944189,582,510,1754398422642,2025-08-05 18:23:42.642757+05:30,19,3
473,1944290,582,512,1754398422743,2025-08-05 18:23:42.743735+05:30,19,3
474,1944391,582,518,1754398422844,2025-08-05 18:23:42.844639+05:30,19,3
475,1944492,583,518,1754398422945,2025-08-05 18:23:42.945290+05:30,19,3
476,1944593,582,509,1754398423046,2025-08-05 18:23:43.046268+05:30,19,3
477,1944693,583,511,1754398423147,2025-08-05 18:23:43.147068+05:30,19,3
478,1944795,582,512,1754398423248,2025-08-05 18:23:43.248026+05:30,19,3
479,1944896,580,509,1754398423348,2025-08-05 18:23:43.348931+05:30,19,3
480,1944996,582,509,1754398423449,2025-08-05 18:23:43.449533+05:30,19,3
481,1945098,579,520,1754398423550,2025-08-05 18:23:43.550508+05:30,19,3
482,1945198,579,514,1754398423651,2025-08-05 18:23:43.651457+05:30,19,3
483,1945299,577,510,1754398423752,2025-08-05 18:23:43.752269+05:30,19,3
484,1945400,577,512,1754398423853,2025-08-05 18:23:43.853300+05:30,19,3
485,1945501,577,509,1754398423954,2025-08-05 18:23:43.954103+05:30,19,3
486,1945602,577,512,1754398424055,2025-08-05 18:23:44.055084+05:30,19,3
487,1945703,577,514,1754398424155,2025-08-05 18:23:44.155859+05:30,19,3
488,1945803,578,519,1754398424256,2025-08-05 18:23:44.256775+05:30,19,3
489,1945905,578,510,1754398424357,2025-08-05 18:23:44.357713+05:30,19,3
490,1946005,579,512,1754398424458,2025-08-05 18:23:44.458348+05:30,19,3
491,1946106,580,511,1754398424559,2025-08-05 18:23:44.559310+05:30,19,3
492,1946207,581,511,1754398424660,2025-08-05 18:23:44.660199+05:30,19,3
493,1946308,582,512,1754398424761,2025-08-05 18:23:44.760989+05:30,19,3
494,1946408,583,518,1754398424861,2025-08-05 18:23:44.861900+05:30,19,3
495,1946510,583,512,1754398424962,2025-08-05 18:23:44.962830+05:30,19,3
496,1946610,581,507,1754398425063,2025-08-05 18:23:45.063857+05:30,19,3
497,1946712,581,512,1754398425164,2025-08-05 18:23:45.164495+05:30,19,3
498,1946812,582,512,1754398425265,2025-08-05 18:23:45.265535+05:30,19,3
499,1946913,581,511,1754398425366,2025-08-05 18:23:45.366437+05:30,19,3
500,1947014,581,517,1754398425467,2025-08-05 18:23:45.467233+05:30,19,3
501,1947115,580,519,1754398425568,2025-08-05 18:23:45.568239+05:30,19,3
502,1947215,579,509,1754398425669,2025-08-05 18:23:45.669187+05:30,19,3
503,1947317,578,512,1754398425770,2025-08-05 18:23:45.769996+05:30,19,3
504,1947417,578,510,1754398425870,2025-08-05 18:23:45.870818+05:30,19,3
505,1947518,577,511,1754398425971,2025-08-05 18:23:45.971588+05:30,19,3
506,1947619,577,513,1754398426072,2025-08-05 18:23:46.072440+05:30,19,3
507,1947720,577,521,1754398426173,2025-08-05 18:23:46.173367+05:30,19,3
508,1947822,579,512,1754398426274,2025-08-05 18:23:46.274257+05:30,19,3
509,1947922,578,511,1754398426375,2025-08-05 18:23:46.375130+05:30,19,3
510,1948023,579,513,1754398426476,2025-08-05 18:23:46.476069+05:30,19,3
511,1948124,578,512,1754398426576,2025-08-05 18:23:46.576978+05:30,19,3
512,1948225,580,510,1754398426677,2025-08-05 18:23:46.677845+05:30,19,3
513,1948325,581,517,1754398426778,2025-08-05 18:23:46.778622+05:30,19,3
514,1948427,581,517,1754398426879,2025-08-05 18:23:46.879796+05:30,19,3
515,1948527,582,510,1754398426980,2025-08-05 18:23:46.980502+05:30,19,3
516,1948628,582,511,1754398427081,2025-08-05 18:23:47.081635+05:30,19,3
517,1948729,582,510,1754398427182,2025-08-05 18:23:47.182568+05:30,19,3
518,1948830,582,510,1754398427283,2025-08-05 18:23:47.283272+05:30,19,3
519,1948931,582,513,1754398427384,2025-08-05 18:23:47.384202+05:30,19,3
520,1949032,581,521,1754398427484,2025-08-05 18:23:47.484976+05:30,19,3
521,1949132,581,510,1754398427586,2025-08-05 18:23:47.586265+05:30,19,3
522,1949234,580,510,1754398427686,2025-08-05 18:23:47.686801+05:30,19,3
523,1949334,579,508,1754398427787,2025-08-05 18:23:47.787549+05:30,19,3
524,1949435,578,513,1754398427888,2025-08-05 18:23:47.888647+05:30,19,3
525,1949536,578,510,1754398427989,2025-08-05 18:23:47.989610+05:30,19,3
526,1949637,577,520,1754398428090,2025-08-05 18:23:48.090476+05:30,19,3
527,1949737,577,512,1754398428191,2025-08-05 18:23:48.191213+05:30,19,3
528,1949839,577,510,1754398428291,2025-08-05 18:23:48.291871+05:30,19,3
529,1949939,577,512,1754398428392,2025-08-05 18:23:48.392815+05:30,19,3
530,1950041,578,510,1754398428493,2025-08-05 18:23:48.493640+05:30,19,3
531,1950141,578,510,1754398428594,2025-08-05 18:23:48.594614+05:30,19,3
532,1950242,579,521,1754398428695,2025-08-05 18:23:48.695490+05:30,19,3
533,1950343,580,515,1754398428796,2025-08-05 18:23:48.796345+05:30,19,3
534,1950444,581,509,1754398428897,2025-08-05 18:23:48.897329+05:30,19,3
535,1950544,582,510,1754398428998,2025-08-05 18:23:48.998182+05:30,19,3
536,1950646,582,510,1754398429098,2025-08-05 18:23:49.098935+05:30,19,3
537,1950747,582,511,1754398429199,2025-08-05 18:23:49.199947+05:30,19,3
538,1950848,583,514,1754398429300,2025-08-05 18:23:49.300698+05:30,19,3
539,1950949,583,520,1754398429401,2025-08-05 18:23:49.401571+05:30,19,3
540,1951049,582,510,1754398429502,2025-08-05 18:23:49.502604+05:30,19,3
541,1951151,582,511,1754398429603,2025-08-05 18:23:49.603381+05:30,19,3
542,1951251,582,512,1754398429704,2025-08-05 18:23:49.704158+05:30,19,3
543,1951352,582,510,1754398429805,2025-08-05 18:23:49.805478+05:30,19,3
544,1951453,579,511,1754398429906,2025-08-05 18:23:49.906505+05:30,19,3
545,1951554,578,522,1754398430007,2025-08-05 18:23:50.007065+05:30,19,3
546,1951654,580,514,1754398430108,2025-08-05 18:23:50.108112+05:30,19,3
547,1951756,579,509,1754398430208,2025-08-05 18:23:50.208855+05:30,19,3
548,1951856,577,509,1754398430309,2025-08-05 18:23:50.309814+05:30,19,3
549,1951958,578,513,1754398430410,2025-08-05 18:23:50.410740+05:30,19,3
550,1952058,578,511,1754398430511,2025-08-05 18:23:50.511590+05:30,19,3
551,1952159,578,516,1754398430612,2025-08-05 18:23:50.612085+05:30,19,3
552,1952260,579,517,1754398430713,2025-08-05 18:23:50.713476+05:30,19,3
553,1952361,577,508,1754398430814,2025-08-05 18:23:50.814160+05:30,19,3
554,1952461,580,511,1754398430915,2025-08-05 18:23:50.915102+05:30,19,3
555,1952563,581,511,1754398431015,2025-08-05 18:23:51.015727+05:30,19,3
556,1952663,581,510,1754398431116,2025-08-05 18:23:51.116848+05:30,19,3
557,1952764,583,512,1754398431217,2025-08-05 18:23:51.217643+05:30,19,3
558,1952865,583,521,1754398431318,2025-08-05 18:23:51.318514+05:30,19,3
559,1952966,583,511,1754398431419,2025-08-05 18:23:51.419510+05:30,19,3
560,1953067,583,510,1754398431520,2025-08-05 18:23:51.520051+05:30,19,3
561,1953168,582,510,1754398431621,2025-08-05 18:23:51.620998+05:30,19,3
562,1953268,582,513,1754398431721,2025-08-05 18:23:51.721905+05:30,19,3
563,1953370,581,511,1754398431823,2025-08-05 18:23:51.823005+05:30,19,3
564,1953471,580,520,1754398431923,2025-08-05 18:23:51.923870+05:30,19,3
565,1953571,579,516,1754398432024,2025-08-05 18:23:52.024397+05:30,19,3
566,1953673,580,510,1754398432125,2025-08-05 18:23:52.125325+05:30,19,3
567,1953773,577,511,1754398432226,2025-08-05 18:23:52.226677+05:30,19,3
568,1953874,578,510,1754398432327,2025-08-05 18:23:52.327327+05:30,19,3
569,1953975,577,509,1754398432428,2025-08-05 18:23:52.428253+05:30,19,3
570,1954076,578,517,1754398432529,2025-08-05 18:23:52.528993+05:30,19,3
571,1954177,578,520,1754398432629,2025-08-05 18:23:52.629885+05:30,19,3
572,1954278,578,511,1754398432730,2025-08-05 18:23:52.730711+05:30,19,3
573,1954378,580,511,1754398432831,2025-08-05 18:23:52.831734+05:30,19,3
574,1954480,581,510,1754398432932,2025-08-05 18:23:52.932439+05:30,19,3
575,1954580,580,513,1754398433033,2025-08-05 18:23:53.033307+05:30,19,3
576,1954681,583,511,1754398433134,2025-08-05 18:23:53.134193+05:30,19,3
577,1954782,583,521,1754398433235,2025-08-05 18:23:53.234997+05:30,19,3
578,1954883,583,512,1754398433335,2025-08-05 18:23:53.335968+05:30,19,3
579,1954983,584,510,1754398433436,2025-08-05 18:23:53.436819+05:30,19,3
580,1955085,583,512,1754398433537,2025-08-05 18:23:53.537770+05:30,19,3
581,1955185,583,511,1754398433638,2025-08-05 18:23:53.638777+05:30,19,3
582,1955287,582,511,1754398433739,2025-08-05 18:23:53.739542+05:30,19,3
583,1955387,582,518,1754398433840,2025-08-05 18:23:53.840490+05:30,19,3
584,1955488,582,516,1754398433941,2025-08-05 18:23:53.941634+05:30,19,3
585,1955589,581,510,1754398434042,2025-08-05 18:23:54.042194+05:30,19,3
586,1955690,580,511,1754398434143,2025-08-05 18:23:54.143325+05:30,19,3
587,1955790,579,512,1754398434244,2025-08-05 18:23:54.244095+05:30,19,3
588,1955892,578,511,1754398434344,2025-08-05 18:23:54.344910+05:30,19,3
589,1955992,579,511,1754398434445,2025-08-05 18:23:54.445820+05:30,19,3
590,1956093,578,520,1754398434546,2025-08-05 18:23:54.546694+05:30,19,3
591,1956195,578,512,1754398434647,2025-08-05 18:23:54.647499+05:30,19,3
592,1956295,579,508,1754398434748,2025-08-05 18:23:54.748465+05:30,19,3
593,1956397,578,512,1754398434849,2025-08-05 18:23:54.849205+05:30,19,3
594,1956497,579,511,1754398434950,2025-08-05 18:23:54.950300+05:30,19,3
595,1956598,581,509,1754398435051,2025-08-05 18:23:55.051277+05:30,19,3
596,1956699,581,518,1754398435152,2025-08-05 18:23:55.152038+05:30,19,3
597,1956800,582,517,1754398435252,2025-08-05 18:23:55.252799+05:30,19,3
598,1956900,583,507,1754398435353,2025-08-05 18:23:55.353729+05:30,19,3
599,1957002,583,508,1754398435454,2025-08-05 18:23:55.454568+05:30,19,3
600,1957102,583,513,1754398435555,2025-08-05 18:23:55.555565+05:30,19,3
601,1957203,583,511,1754398435656,2025-08-05 18:23:55.656335+05:30,19,3
602,1957304,583,512,1754398435757,2025-08-05 18:23:55.757308+05:30,19,3
603,1957405,582,521,1754398435858,2025-08-05 18:23:55.858160+05:30,19,3
604,1957506,582,512,1754398435959,2025-08-05 18:23:55.959155+05:30,19,3
605,1957607,582,510,1754398436059,2025-08-05 18:23:56.059873+05:30,19,3
606,1957707,579,511,1754398436160,2025-08-05 18:23:56.160853+05:30,19,3
607,1957809,579,510,1754398436261,2025-08-05 18:23:56.261566+05:30,19,3
608,1957909,579,512,1754398436362,2025-08-05 18:23:56.362409+05:30,19,3
609,1958010,579,514,1754398436463,2025-08-05 18:23:56.463533+05:30,19,3
610,1958111,579,518,1754398436564,2025-08-05 18:23:56.564445+05:30,19,3
611,1958212,578,510,1754398436665,2025-08-05 18:23:56.665215+05:30,19,3
612,1958312,579,509,1754398436765,2025-08-05 18:23:56.765962+05:30,19,3
613,1958414,577,513,1754398436866,2025-08-05 18:23:56.866907+05:30,19,3
614,1958514,579,510,1754398436967,2025-08-05 18:23:56.967731+05:30,19,3
615,1958616,580,511,1754398437068,2025-08-05 18:23:57.068787+05:30,19,3
616,1958716,581,516,1754398437169,2025-08-05 18:23:57.169506+05:30,19,3
617,1958817,582,519,1754398437270,2025-08-05 18:23:57.270338+05:30,19,3
618,1958919,582,510,1754398437371,2025-08-05 18:23:57.371271+05:30,19,3
619,1959019,583,510,1754398437472,2025-08-05 18:23:57.472211+05:30,19,3
620,1959120,583,512,1754398437573,2025-08-05 18:23:57.573085+05:30,19,3
621,1959221,583,509,1754398437673,2025-08-05 18:23:57.673840+05:30,19,3
622,1959322,585,511,1754398437774,2025-08-05 18:23:57.774680+05:30,19,3
623,1959422,583,520,1754398437876,2025-08-05 18:23:57.876040+05:30,19,3
624,1959524,582,514,1754398437976,2025-08-05 18:23:57.976617+05:30,19,3
625,1959624,581,510,1754398438077,2025-08-05 18:23:58.077528+05:30,19,3
626,1959726,581,513,1754398438178,2025-08-05 18:23:58.178406+05:30,19,3
627,1959826,581,510,1754398438279,2025-08-05 18:23:58.279104+05:30,19,3
628,1959927,579,510,1754398438380,2025-08-05 18:23:58.380126+05:30,19,3
629,1960028,578,510,1754398438480,2025-08-05 18:23:58.480925+05:30,19,3
630,1960129,578,520,1754398438581,2025-08-05 18:23:58.581838+05:30,19,3
631,1960229,578,508,1754398438682,2025-08-05 18:23:58.682700+05:30,19,3
632,1960331,578,512,1754398438783,2025-08-05 18:23:58.783848+05:30,19,3
633,1960431,578,510,1754398438884,2025-08-05 18:23:58.884503+05:30,19,3
634,1960532,579,511,1754398438985,2025-08-05 18:23:58.985415+05:30,19,3
635,1960633,580,511,1754398439086,2025-08-05 18:23:59.086196+05:30,19,3
636,1960734,580,521,1754398439187,2025-08-05 18:23:59.187021+05:30,19,3
637,1960835,582,509,1754398439287,2025-08-05 18:23:59.287939+05:30,19,3
638,1960936,581,510,1754398439389,2025-08-05 18:23:59.389059+05:30,19,3
639,1961036,583,512,1754398439489,2025-08-05 18:23:59.489841+05:30,19,3
640,1961138,584,510,1754398439590,2025-08-05 18:23:59.590885+05:30,19,3
641,1961238,583,511,1754398439691,2025-08-05 18:23:59.691464+05:30,19,3
642,1961339,584,518,1754398439792,2025-08-05 18:23:59.792751+05:30,19,3
643,1961440,583,519,1754398439893,2025-08-05 18:23:59.893176+05:30,19,3
644,1961541,583,510,1754398439994,2025-08-05 18:23:59.994150+05:30,19,3
645,1961641,582,512,1754398440095,2025-08-05 18:24:00.094993+05:30,19,3
646,1961743,582,508,1754398440195,2025-08-05 18:24:00.195943+05:30,19,3
647,1961844,581,509,1754398440296,2025-08-05 18:24:00.296710+05:30,19,3
648,1961945,578,513,1754398440397,2025-08-05 18:24:00.397571+05:30,19,3
649,1962046,579,520,1754398440498,2025-08-05 18:24:00.498535+05:30,19,3
650,1962146,578,512,1754398440599,2025-08-05 18:24:00.599369+05:30,19,3
651,1962248,579,513,1754398440700,2025-08-05 18:24:00.700256+05:30,19,3
652,1962348,578,510,1754398440801,2025-08-05 18:24:00.801210+05:30,19,3
653,1962449,578,510,1754398440902,2025-08-05 18:24:00.902191+05:30,19,3
654,1962550,579,511,1754398441002,2025-08-05 18:24:01.002963+05:30,19,3
655,1962651,579,513,1754398441103,2025-08-05 18:24:01.103827+05:30,19,3
656,1962752,580,520,1754398441204,2025-08-05 18:24:01.204777+05:30,19,3
657,1962853,581,512,1754398441305,2025-08-05 18:24:01.305490+05:30,19,3
658,1962953,582,509,1754398441406,2025-08-05 18:24:01.406451+05:30,19,3
659,1963055,583,513,1754398441507,2025-08-05 18:24:01.507452+05:30,19,3
660,1963155,583,511,1754398441608,2025-08-05 18:24:01.608499+05:30,19,3
661,1963256,584,510,1754398441709,2025-08-05 18:24:01.709096+05:30,19,3
662,1963357,584,519,1754398441809,2025-08-05 18:24:01.809889+05:30,19,3
663,1963458,584,518,1754398441910,2025-08-05 18:24:01.910836+05:30,19,3
664,1963558,584,509,1754398442012,2025-08-05 18:24:02.012001+05:30,19,3
665,1963660,582,512,1754398442112,2025-08-05 18:24:02.112848+05:30,19,3
666,1963760,581,510,1754398442213,2025-08-05 18:24:02.213559+05:30,19,3
667,1963862,580,513,1754398442314,2025-08-05 18:24:02.314499+05:30,19,3
668,1963962,580,513,1754398442415,2025-08-05 18:24:02.415312+05:30,19,3
669,1964063,580,518,1754398442516,2025-08-05 18:24:02.516222+05:30,19,3
670,1964164,578,512,1754398442617,2025-08-05 18:24:02.617062+05:30,19,3
671,1964265,578,510,1754398442718,2025-08-05 18:24:02.718240+05:30,19,3
672,1964365,578,510,1754398442818,2025-08-05 18:24:02.818933+05:30,19,3
673,1964467,578,511,1754398442919,2025-08-05 18:24:02.919855+05:30,19,3
674,1964568,579,513,1754398443020,2025-08-05 18:24:03.020539+05:30,19,3
675,1964668,580,519,1754398443121,2025-08-05 18:24:03.121424+05:30,19,3
676,1964770,580,516,1754398443222,2025-08-05 18:24:03.222341+05:30,19,3
677,1964870,581,511,1754398443323,2025-08-05 18:24:03.323303+05:30,19,3
678,1964972,582,511,1754398443424,2025-08-05 18:24:03.424014+05:30,19,3
679,1965072,582,511,1754398443524,2025-08-05 18:24:03.524866+05:30,19,3
680,1965173,583,511,1754398443625,2025-08-05 18:24:03.625824+05:30,19,3
681,1965274,584,517,1754398443726,2025-08-05 18:24:03.726710+05:30,19,3
682,1965375,584,520,1754398443827,2025-08-05 18:24:03.827809+05:30,19,3
683,1965475,584,509,1754398443928,2025-08-05 18:24:03.928698+05:30,19,3
684,1965577,584,508,1754398444029,2025-08-05 18:24:04.029394+05:30,19,3
685,1965677,584,510,1754398444130,2025-08-05 18:24:04.130366+05:30,19,3
686,1965778,583,511,1754398444231,2025-08-05 18:24:04.231297+05:30,19,3
687,1965879,581,511,1754398444332,2025-08-05 18:24:04.332038+05:30,19,3
688,1965980,580,519,1754398444433,2025-08-05 18:24:04.433213+05:30,19,3
689,1966081,578,516,1754398444533,2025-08-05 18:24:04.533924+05:30,19,3
690,1966182,577,510,1754398444634,2025-08-05 18:24:04.634821+05:30,19,3
691,1966282,577,511,1754398444735,2025-08-05 18:24:04.735519+05:30,19,3
692,1966384,577,510,1754398444836,2025-08-05 18:24:04.836458+05:30,19,3
693,1966484,577,510,1754398444937,2025-08-05 18:24:04.937378+05:30,19,3
694,1966585,577,513,1754398445038,2025-08-05 18:24:05.038322+05:30,19,3
695,1966686,577,521,1754398445139,2025-08-05 18:24:05.139132+05:30,19,3
696,1966787,578,510,1754398445239,2025-08-05 18:24:05.239949+05:30,19,3
697,1966887,579,511,1754398445340,2025-08-05 18:24:05.340834+05:30,19,3
698,1966989,580,510,1754398445441,2025-08-05 18:24:05.441685+05:30,19,3
699,1967089,581,510,1754398445542,2025-08-05 18:24:05.542621+05:30,19,3
700,1967191,582,510,1754398445643,2025-08-05 18:24:05.643494+05:30,19,3
701,1967291,582,516,1754398445744,2025-08-05 18:24:05.744498+05:30,19,3
702,1967392,582,519,1754398445845,2025-08-05 18:24:05.845148+05:30,19,3
703,1967494,584,509,1754398445946,2025-08-05 18:24:05.946056+05:30,19,3
704,1967594,583,510,1754398446046,2025-08-05 18:24:06.046975+05:30,19,3
705,1967695,583,510,1754398446148,2025-08-05 18:24:06.147990+05:30,19,3
706,1967796,582,510,1754398446248,2025-08-05 18:24:06.248782+05:30,19,3
707,1967897,580,518,1754398446349,2025-08-05 18:24:06.349712+05:30,19,3
708,1967997,580,518,1754398446450,2025-08-05 18:24:06.450601+05:30,19,3
709,1968099,578,509,1754398446551,2025-08-05 18:24:06.551491+05:30,19,3
710,1968199,578,512,1754398446652,2025-08-05 18:24:06.652260+05:30,19,3
711,1968301,577,511,1754398446753,2025-08-05 18:24:06.753191+05:30,19,3
712,1968401,577,509,1754398446854,2025-08-05 18:24:06.854368+05:30,19,3
713,1968502,577,514,1754398446954,2025-08-05 18:24:06.954902+05:30,19,3
714,1968603,577,523,1754398447055,2025-08-05 18:24:07.055671+05:30,19,3
715,1968704,577,512,1754398447156,2025-08-05 18:24:07.156644+05:30,19,3
716,1968804,578,510,1754398447257,2025-08-05 18:24:07.257673+05:30,19,3
717,1968906,576,507,1754398447358,2025-08-05 18:24:07.358409+05:30,19,3
718,1969006,580,512,1754398447459,2025-08-05 18:24:07.459443+05:30,19,3
719,1969107,580,511,1754398447560,2025-08-05 18:24:07.560114+05:30,19,3
720,1969208,582,521,1754398447661,2025-08-05 18:24:07.661109+05:30,19,3
721,1969309,582,515,1754398447761,2025-08-05 18:24:07.761886+05:30,19,3
722,1969410,582,508,1754398447862,2025-08-05 18:24:07.862867+05:30,19,3
723,1969511,584,511,1754398447963,2025-08-05 18:24:07.963710+05:30,19,3
724,1969611,582,509,1754398448064,2025-08-05 18:24:08.064499+05:30,19,3
725,1969713,583,509,1754398448165,2025-08-05 18:24:08.165435+05:30,19,3
726,1969813,581,512,1754398448266,2025-08-05 18:24:08.266370+05:30,19,3
727,1969914,581,522,1754398448367,2025-08-05 18:24:08.367253+05:30,19,3
728,1970015,581,509,1754398448468,2025-08-05 18:24:08.468135+05:30,19,3
729,1970116,580,512,1754398448569,2025-08-05 18:24:08.569010+05:30,19,3
730,1970216,579,512,1754398448669,2025-08-05 18:24:08.669874+05:30,19,3
731,1970318,578,509,1754398448771,2025-08-05 18:24:08.771041+05:30,19,3
732,1970419,579,512,1754398448871,2025-08-05 18:24:08.871763+05:30,19,3
733,1970520,576,521,1754398448972,2025-08-05 18:24:08.972490+05:30,19,3
734,1970621,577,512,1754398449073,2025-08-05 18:24:09.073580+05:30,19,3
735,1970721,577,510,1754398449174,2025-08-05 18:24:09.174413+05:30,19,3
736,1970823,578,512,1754398449275,2025-08-05 18:24:09.275273+05:30,19,3
737,1970923,578,509,1754398449376,2025-08-05 18:24:09.376444+05:30,19,3
738,1971024,580,510,1754398449477,2025-08-05 18:24:09.477164+05:30,19,3
739,1971125,580,522,1754398449578,2025-08-05 18:24:09.578029+05:30,19,3
740,1971226,582,515,1754398449679,2025-08-05 18:24:09.679047+05:30,19,3
741,1971326,582,507,1754398449779,2025-08-05 18:24:09.779702+05:30,19,3
742,1971428,582,512,1754398449880,2025-08-05 18:24:09.880440+05:30,19,3
743,1971528,582,507,1754398449981,2025-08-05 18:24:09.981337+05:30,19,3
744,1971630,583,510,1754398450082,2025-08-05 18:24:10.082325+05:30,19,3
745,1971730,584,518,1754398450183,2025-08-05 18:24:10.183113+05:30,19,3
746,1971831,582,519,1754398450284,2025-08-05 18:24:10.284042+05:30,19,3
747,1971932,582,509,1754398450384,2025-08-05 18:24:10.384839+05:30,19,3
748,1972033,581,508,1754398450485,2025-08-05 18:24:10.485922+05:30,19,3
749,1972133,581,514,1754398450586,2025-08-05 18:24:10.586540+05:30,19,3
750,1972235,580,510,1754398450687,2025-08-05 18:24:10.687428+05:30,19,3
751,1972335,579,510,1754398450788,2025-08-05 18:24:10.788384+05:30,19,3
752,1972436,577,524,1754398450889,2025-08-05 18:24:10.889090+05:30,19,3
753,1972537,577,513,1754398450990,2025-08-05 18:24:10.990067+05:30,19,3
754,1972638,578,509,1754398451090,2025-08-05 18:24:11.090928+05:30,19,3
755,1972739,578,509,1754398451191,2025-08-05 18:24:11.191815+05:30,19,3
756,1972840,577,508,1754398451292,2025-08-05 18:24:11.292865+05:30,19,3
757,1972940,577,512,1754398451393,2025-08-05 18:24:11.393666+05:30,19,3
758,1973042,579,519,1754398451494,2025-08-05 18:24:11.494498+05:30,19,3
759,1973142,579,517,1754398451595,2025-08-05 18:24:11.595550+05:30,19,3
760,1973243,581,507,1754398451696,2025-08-05 18:24:11.696314+05:30,19,3
761,1973344,581,512,1754398451797,2025-08-05 18:24:11.797174+05:30,19,3
762,1973445,582,510,1754398451898,2025-08-05 18:24:11.898262+05:30,19,3
763,1973547,583,508,1754398451999,2025-08-05 18:24:11.999066+05:30,19,3
764,1973647,583,509,1754398452100,2025-08-05 18:24:12.100002+05:30,19,3
765,1973748,581,523,1754398452200,2025-08-05 18:24:12.200777+05:30,19,3
766,1973849,583,513,1754398452301,2025-08-05 18:24:12.301513+05:30,19,3
767,1973950,582,509,1754398452402,2025-08-05 18:24:12.402400+05:30,19,3
768,1974050,582,511,1754398452503,2025-08-05 18:24:12.503428+05:30,19,3
769,1974152,582,510,1754398452604,2025-08-05 18:24:12.604155+05:30,19,3
770,1974252,580,510,1754398452705,2025-08-05 18:24:12.705022+05:30,19,3
771,1974353,580,518,1754398452806,2025-08-05 18:24:12.806044+05:30,19,3
772,1974454,579,517,1754398452906,2025-08-05 18:24:12.906826+05:30,19,3
773,1974555,578,510,1754398453007,2025-08-05 18:24:13.007626+05:30,19,3
774,1974656,578,510,1754398453108,2025-08-05 18:24:13.108610+05:30,19,3
775,1974757,578,510,1754398453209,2025-08-05 18:24:13.209399+05:30,19,3
776,1974857,578,510,1754398453310,2025-08-05 18:24:13.310368+05:30,19,3
777,1974959,578,514,1754398453411,2025-08-05 18:24:13.411177+05:30,19,3
778,1975059,579,518,1754398453512,2025-08-05 18:24:13.512198+05:30,19,3
779,1975160,579,508,1754398453613,2025-08-05 18:24:13.613020+05:30,19,3
780,1975261,580,509,1754398453713,2025-08-05 18:24:13.713852+05:30,19,3
781,1975362,581,509,1754398453814,2025-08-05 18:24:13.814878+05:30,19,3
782,1975462,580,510,1754398453915,2025-08-05 18:24:13.915614+05:30,19,3
783,1975564,581,514,1754398454016,2025-08-05 18:24:14.016484+05:30,19,3
784,1975664,583,519,1754398454117,2025-08-05 18:24:14.117620+05:30,19,3
785,1975766,583,511,1754398454218,2025-08-05 18:24:14.218321+05:30,19,3
786,1975866,583,510,1754398454319,2025-08-05 18:24:14.319216+05:30,19,3
787,1975967,583,511,1754398454420,2025-08-05 18:24:14.420079+05:30,19,3
788,1976068,582,510,1754398454520,2025-08-05 18:24:14.520902+05:30,19,3
789,1976169,582,511,1754398454621,2025-08-05 18:24:14.621767+05:30,19,3
790,1976269,582,523,1754398454722,2025-08-05 18:24:14.722633+05:30,19,3
791,1976371,580,514,1754398454823,2025-08-05 18:24:14.823528+05:30,19,3
792,1976472,580,509,1754398454924,2025-08-05 18:24:14.924387+05:30,19,3
793,1976572,580,510,1754398455025,2025-08-05 18:24:15.025271+05:30,19,3
794,1976674,579,511,1754398455126,2025-08-05 18:24:15.126143+05:30,19,3
795,1976774,579,509,1754398455227,2025-08-05 18:24:15.227067+05:30,19,3
796,1976876,578,520,1754398455328,2025-08-05 18:24:15.328113+05:30,19,3
797,1976976,578,517,1754398455428,2025-08-05 18:24:15.428907+05:30,19,3
798,1977077,578,510,1754398455529,2025-08-05 18:24:15.529653+05:30,19,3
799,1977178,579,511,1754398455630,2025-08-05 18:24:15.630654+05:30,19,3
800,1977279,579,511,1754398455731,2025-08-05 18:24:15.731445+05:30,19,3
801,1977379,578,507,1754398455832,2025-08-05 18:24:15.832284+05:30,19,3
802,1977481,580,506,1754398455933,2025-08-05 18:24:15.933176+05:30,19,3
803,1977581,581,524,1754398456034,2025-08-05 18:24:16.034112+05:30,19,3
804,1977682,583,512,1754398456135,2025-08-05 18:24:16.135034+05:30,19,3
805,1977783,583,510,1754398456236,2025-08-05 18:24:16.235995+05:30,19,3
806,1977884,583,511,1754398456336,2025-08-05 18:24:16.336815+05:30,19,3
807,1977985,583,509,1754398456437,2025-08-05 18:24:16.437640+05:30,19,3
808,1978086,583,510,1754398456538,2025-08-05 18:24:16.538512+05:30,19,3
809,1978186,582,517,1754398456639,2025-08-05 18:24:16.639496+05:30,19,3
810,1978288,582,519,1754398456740,2025-08-05 18:24:16.740312+05:30,19,3
811,1978388,582,509,1754398456841,2025-08-05 18:24:16.841139+05:30,19,3
812,1978489,581,510,1754398456942,2025-08-05 18:24:16.942015+05:30,19,3
813,1978590,581,511,1754398457043,2025-08-05 18:24:17.042994+05:30,19,3
814,1978691,579,509,1754398457143,2025-08-05 18:24:17.143817+05:30,19,3
815,1978791,579,511,1754398457244,2025-08-05 18:24:17.244794+05:30,19,3
816,1978893,578,523,1754398457345,2025-08-05 18:24:17.345644+05:30,19,3
817,1978993,578,512,1754398457446,2025-08-05 18:24:17.446564+05:30,19,3
818,1979095,578,507,1754398457547,2025-08-05 18:24:17.547235+05:30,19,3
819,1979195,578,511,1754398457648,2025-08-05 18:24:17.648267+05:30,19,3
820,1979296,579,510,1754398457749,2025-08-05 18:24:17.749206+05:30,19,3
821,1979398,580,510,1754398457850,2025-08-05 18:24:17.850013+05:30,19,3
822,1979498,580,517,1754398457950,2025-08-05 18:24:17.950882+05:30,19,3
823,1979599,581,518,1754398458051,2025-08-05 18:24:18.051747+05:30,19,3
824,1979700,582,508,1754398458152,2025-08-05 18:24:18.152537+05:30,19,3
825,1979801,582,512,1754398458253,2025-08-05 18:24:18.253422+05:30,19,3
826,1979901,582,511,1754398458354,2025-08-05 18:24:18.354411+05:30,19,3
827,1980003,583,510,1754398458455,2025-08-05 18:24:18.455291+05:30,19,3
828,1980103,583,511,1754398458556,2025-08-05 18:24:18.556198+05:30,19,3
829,1980205,583,524,1754398458657,2025-08-05 18:24:18.657298+05:30,19,3
830,1980305,583,514,1754398458757,2025-08-05 18:24:18.757862+05:30,19,3
831,1980406,582,510,1754398458858,2025-08-05 18:24:18.858960+05:30,19,3
832,1980507,582,510,1754398458960,2025-08-05 18:24:18.960019+05:30,19,3
833,1980608,581,511,1754398459060,2025-08-05 18:24:19.060563+05:30,19,3
834,1980708,580,511,1754398459161,2025-08-05 18:24:19.161652+05:30,19,3
835,1980810,579,514,1754398459262,2025-08-05 18:24:19.262642+05:30,19,3
836,1980910,580,518,1754398459363,2025-08-05 18:24:19.363189+05:30,19,3
837,1981011,578,514,1754398459464,2025-08-05 18:24:19.464015+05:30,19,3
838,1981112,578,511,1754398459564,2025-08-05 18:24:19.564977+05:30,19,3
839,1981213,578,510,1754398459666,2025-08-05 18:24:19.666049+05:30,19,3
840,1981314,579,508,1754398459766,2025-08-05 18:24:19.766969+05:30,19,3
841,1981415,579,512,1754398459867,2025-08-05 18:24:19.867573+05:30,19,3
842,1981515,580,521,1754398459968,2025-08-05 18:24:19.968495+05:30,19,3
843,1981617,580,511,1754398460069,2025-08-05 18:24:20.069285+05:30,19,3
844,1981717,581,509,1754398460170,2025-08-05 18:24:20.170214+05:30,19,3
845,1981818,583,511,1754398460271,2025-08-05 18:24:20.271033+05:30,19,3
846,1981919,583,511,1754398460371,2025-08-05 18:24:20.371937+05:30,19,3
847,1982020,583,511,1754398460472,2025-08-05 18:24:20.472776+05:30,19,3
848,1982121,584,522,1754398460573,2025-08-05 18:24:20.573727+05:30,19,3
849,1982222,584,513,1754398460674,2025-08-05 18:24:20.674708+05:30,19,3
850,1982323,583,508,1754398460775,2025-08-05 18:24:20.775557+05:30,19,3
851,1982424,584,511,1754398460876,2025-08-05 18:24:20.876608+05:30,19,3
852,1982525,582,511,1754398460977,2025-08-05 18:24:20.977181+05:30,19,3
853,1982625,583,508,1754398461078,2025-08-05 18:24:21.078248+05:30,19,3
854,1982727,581,523,1754398461179,2025-08-05 18:24:21.178996+05:30,19,3
855,1982827,580,515,1754398461279,2025-08-05 18:24:21.279933+05:30,19,3
856,1982928,579,509,1754398461380,2025-08-05 18:24:21.380893+05:30,19,3
857,1983029,580,510,1754398461481,2025-08-05 18:24:21.481930+05:30,19,3
858,1983130,579,509,1754398461582,2025-08-05 18:24:21.582765+05:30,19,3
859,1983230,579,512,1754398461683,2025-08-05 18:24:21.683562+05:30,19,3
860,1983332,579,518,1754398461784,2025-08-05 18:24:21.784664+05:30,19,3
861,1983432,579,517,1754398461885,2025-08-05 18:24:21.885342+05:30,19,3
862,1983534,579,509,1754398461986,2025-08-05 18:24:21.986170+05:30,19,3
863,1983634,580,511,1754398462087,2025-08-05 18:24:22.087212+05:30,19,3
864,1983735,581,510,1754398462187,2025-08-05 18:24:22.187842+05:30,19,3
865,1983836,582,511,1754398462288,2025-08-05 18:24:22.288872+05:30,19,3
866,1983937,582,516,1754398462389,2025-08-05 18:24:22.389825+05:30,19,3
867,1984037,583,521,1754398462491,2025-08-05 18:24:22.491017+05:30,19,3
868,1984139,583,510,1754398462591,2025-08-05 18:24:22.591548+05:30,19,3
869,1984239,585,511,1754398462692,2025-08-05 18:24:22.692484+05:30,19,3
870,1984340,584,513,1754398462793,2025-08-05 18:24:22.793238+05:30,19,3
871,1984441,584,510,1754398462894,2025-08-05 18:24:22.894326+05:30,19,3
872,1984542,584,510,1754398462994,2025-08-05 18:24:22.994919+05:30,19,3
873,1984643,584,522,1754398463095,2025-08-05 18:24:23.095851+05:30,19,3
874,1984744,582,510,1754398463196,2025-08-05 18:24:23.196648+05:30,19,3
875,1984845,580,508,1754398463297,2025-08-05 18:24:23.297591+05:30,19,3
876,1984946,579,512,1754398463398,2025-08-05 18:24:23.398344+05:30,19,3
877,1985047,579,514,1754398463499,2025-08-05 18:24:23.499218+05:30,19,3
878,1985147,579,510,1754398463600,2025-08-05 18:24:23.600257+05:30,19,3
879,1985249,578,522,1754398463701,2025-08-05 18:24:23.701073+05:30,19,3
880,1985349,578,516,1754398463801,2025-08-05 18:24:23.801873+05:30,19,3
881,1985451,578,511,1754398463902,2025-08-05 18:24:23.902813+05:30,19,3
882,1985551,579,512,1754398464003,2025-08-05 18:24:24.003680+05:30,19,3
883,1985652,579,509,1754398464104,2025-08-05 18:24:24.104951+05:30,19,3
884,1985753,581,510,1754398464205,2025-08-05 18:24:24.205518+05:30,19,3
885,1985854,581,519,1754398464306,2025-08-05 18:24:24.306377+05:30,19,3
886,1985954,582,517,1754398464407,2025-08-05 18:24:24.407205+05:30,19,3
887,1986056,583,509,1754398464508,2025-08-05 18:24:24.508100+05:30,19,3
888,1986156,582,510,1754398464609,2025-08-05 18:24:24.609023+05:30,19,3
889,1986257,583,510,1754398464709,2025-08-05 18:24:24.709924+05:30,19,3
890,1986358,584,510,1754398464810,2025-08-05 18:24:24.810765+05:30,19,3
891,1986459,584,510,1754398464911,2025-08-05 18:24:24.911659+05:30,19,3
892,1986560,583,522,1754398465012,2025-08-05 18:24:25.012469+05:30,19,3
893,1986661,583,513,1754398465113,2025-08-05 18:24:25.113434+05:30,19,3
894,1986761,583,508,1754398465214,2025-08-05 18:24:25.214372+05:30,19,3
895,1986863,581,511,1754398465315,2025-08-05 18:24:25.315083+05:30,19,3
896,1986963,581,509,1754398465415,2025-08-05 18:24:25.415984+05:30,19,3
897,1987064,580,510,1754398465516,2025-08-05 18:24:25.516924+05:30,19,3
898,1987165,579,516,1754398465617,2025-08-05 18:24:25.617830+05:30,19,3
899,1987266,579,521,1754398465718,2025-08-05 18:24:25.718763+05:30,19,3
900,1987366,578,510,1754398465819,2025-08-05 18:24:25.819574+05:30,19,3
901,1987468,579,511,1754398465920,2025-08-05 18:24:25.920557+05:30,19,3
902,1987569,579,510,1754398466021,2025-08-05 18:24:26.021406+05:30,19,3
903,1987670,579,510,1754398466122,2025-08-05 18:24:26.122271+05:30,19,3
904,1987771,580,511,1754398466223,2025-08-05 18:24:26.223106+05:30,19,3
905,1987871,580,521,1754398466324,2025-08-05 18:24:26.324143+05:30,19,3
906,1987973,581,515,1754398466425,2025-08-05 18:24:26.425078+05:30,19,3
907,1988073,583,510,1754398466525,2025-08-05 18:24:26.525942+05:30,19,3
908,1988174,584,510,1754398466626,2025-08-05 18:24:26.626687+05:30,19,3
909,1988275,584,511,1754398466727,2025-08-05 18:24:26.727849+05:30,19,3
910,1988376,584,510,1754398466828,2025-08-05 18:24:26.828666+05:30,19,3
911,1988476,584,515,1754398466929,2025-08-05 18:24:26.929502+05:30,19,3
912,1988578,584,519,1754398467030,2025-08-05 18:24:27.030274+05:30,19,3
913,1988678,584,509,1754398467131,2025-08-05 18:24:27.131146+05:30,19,3
914,1988780,583,510,1754398467232,2025-08-05 18:24:27.232615+05:30,19,3
915,1988880,582,512,1754398467332,2025-08-05 18:24:27.332808+05:30,19,3
916,1988981,581,510,1754398467433,2025-08-05 18:24:27.433713+05:30,19,3
917,1989082,580,514,1754398467534,2025-08-05 18:24:27.534541+05:30,19,3
918,1989183,580,523,1754398467635,2025-08-05 18:24:27.635476+05:30,19,3
919,1989283,580,509,1754398467736,2025-08-05 18:24:27.736302+05:30,19,3
920,1989385,578,510,1754398467837,2025-08-05 18:24:27.837190+05:30,19,3
921,1989485,579,512,1754398467938,2025-08-05 18:24:27.938158+05:30,19,3
922,1989586,579,510,1754398468038,2025-08-05 18:24:28.038952+05:30,19,3
923,1989687,580,511,1754398468139,2025-08-05 18:24:28.139913+05:30,19,3
924,1989788,579,525,1754398468241,2025-08-05 18:24:28.241029+05:30,19,3
925,1989889,579,512,1754398468341,2025-08-05 18:24:28.341611+05:30,19,3
926,1989990,580,508,1754398468442,2025-08-05 18:24:28.442482+05:30,19,3
927,1990090,581,511,1754398468543,2025-08-05 18:24:28.543373+05:30,19,3
928,1990192,582,510,1754398468644,2025-08-05 18:24:28.644233+05:30,19,3
929,1990292,583,506,1754398468745,2025-08-05 18:24:28.745266+05:30,19,3
930,1990393,584,522,1754398468845,2025-08-05 18:24:28.845957+05:30,19,3
931,1990495,585,518,1754398468946,2025-08-05 18:24:28.946863+05:30,19,3
932,1990595,584,507,1754398469047,2025-08-05 18:24:29.047726+05:30,19,3
933,1990696,583,511,1754398469148,2025-08-05 18:24:29.148574+05:30,19,3
934,1990797,583,510,1754398469249,2025-08-05 18:24:29.249599+05:30,19,3
935,1990898,582,508,1754398469350,2025-08-05 18:24:29.350356+05:30,19,3
936,1990999,583,514,1754398469451,2025-08-05 18:24:29.451467+05:30,19,3
937,1991100,582,523,1754398469552,2025-08-05 18:24:29.552436+05:30,19,3
938,1991200,581,509,1754398469653,2025-08-05 18:24:29.653267+05:30,19,3
939,1991302,579,511,1754398469754,2025-08-05 18:24:29.754104+05:30,19,3
940,1991402,579,512,1754398469855,2025-08-05 18:24:29.855015+05:30,19,3
941,1991503,579,508,1754398469955,2025-08-05 18:24:29.955776+05:30,19,3
942,1991604,579,512,1754398470056,2025-08-05 18:24:30.056535+05:30,19,3
943,1991705,579,525,1754398470157,2025-08-05 18:24:30.157823+05:30,19,3
944,1991805,579,511,1754398470258,2025-08-05 18:24:30.258504+05:30,19,3
945,1991907,579,509,1754398470359,2025-08-05 18:24:30.359239+05:30,19,3
946,1992007,581,512,1754398470460,2025-08-05 18:24:30.460272+05:30,19,3
947,1992109,581,509,1754398470561,2025-08-05 18:24:30.561092+05:30,19,3
948,1992209,581,510,1754398470661,2025-08-05 18:24:30.661948+05:30,19,3
949,1992310,583,523,1754398470763,2025-08-05 18:24:30.763014+05:30,19,3
950,1992411,584,510,1754398470863,2025-08-05 18:24:30.863693+05:30,19,3
951,1992512,584,510,1754398470964,2025-08-05 18:24:30.964551+05:30,19,3
952,1992612,584,510,1754398471065,2025-08-05 18:24:31.065510+05:30,19,3
953,1992714,584,510,1754398471166,2025-08-05 18:24:31.166418+05:30,19,3
954,1992814,584,510,1754398471267,2025-08-05 18:24:31.267362+05:30,19,3
955,1992915,584,525,1754398471368,2025-08-05 18:24:31.368256+05:30,19,3
956,1993016,583,513,1754398471468,2025-08-05 18:24:31.468970+05:30,19,3
957,1993117,583,507,1754398471569,2025-08-05 18:24:31.569826+05:30,19,3
958,1993218,582,511,1754398471670,2025-08-05 18:24:31.670777+05:30,19,3
959,1993319,580,510,1754398471771,2025-08-05 18:24:31.771574+05:30,19,3
960,1993420,580,511,1754398471872,2025-08-05 18:24:31.872688+05:30,19,3
961,1993521,579,519,1754398471973,2025-08-05 18:24:31.973708+05:30,19,3
962,1993622,579,519,1754398472074,2025-08-05 18:24:32.074180+05:30,19,3
963,1993722,579,507,1754398472175,2025-08-05 18:24:32.175055+05:30,19,3
964,1993824,579,511,1754398472275,2025-08-05 18:24:32.275889+05:30,19,3
965,1993924,579,510,1754398472376,2025-08-05 18:24:32.376791+05:30,19,3
966,1994025,580,509,1754398472477,2025-08-05 18:24:32.477693+05:30,19,3
967,1994126,580,512,1754398472578,2025-08-05 18:24:32.578586+05:30,19,3
968,1994227,581,525,1754398472679,2025-08-05 18:24:32.679410+05:30,19,3
969,1994328,583,507,1754398472780,2025-08-05 18:24:32.780501+05:30,19,3
970,1994429,583,507,1754398472881,2025-08-05 18:24:32.881225+05:30,19,3
971,1994529,583,510,1754398472982,2025-08-05 18:24:32.982227+05:30,19,3
972,1994631,584,509,1754398473083,2025-08-05 18:24:33.083023+05:30,19,3
973,1994731,584,511,1754398473183,2025-08-05 18:24:33.183798+05:30,19,3
974,1994832,584,522,1754398473284,2025-08-05 18:24:33.284931+05:30,19,3
975,1994933,584,514,1754398473385,2025-08-05 18:24:33.385630+05:30,19,3
976,1995034,584,509,1754398473486,2025-08-05 18:24:33.486456+05:30,19,3
977,1995134,583,512,1754398473587,2025-08-05 18:24:33.587354+05:30,19,3
978,1995236,583,509,1754398473688,2025-08-05 18:24:33.688286+05:30,19,3
979,1995336,581,511,1754398473789,2025-08-05 18:24:33.789039+05:30,19,3
980,1995438,581,516,1754398473890,2025-08-05 18:24:33.890050+05:30,19,3
981,1995538,580,520,1754398473990,2025-08-05 18:24:33.990929+05:30,19,3
982,1995639,580,509,1754398474091,2025-08-05 18:24:34.091901+05:30,19,3
983,1995740,579,511,1754398474192,2025-08-05 18:24:34.192673+05:30,19,3
984,1995841,579,510,1754398474293,2025-08-05 18:24:34.293533+05:30,19,3
985,1995941,579,509,1754398474394,2025-08-05 18:24:34.394387+05:30,19,3
986,1996043,579,513,1754398474495,2025-08-05 18:24:34.495401+05:30,19,3
987,1996144,579,521,1754398474596,2025-08-05 18:24:34.596195+05:30,19,3
988,1996244,580,508,1754398474697,2025-08-05 18:24:34.697252+05:30,19,3
989,1996346,582,508,1754398474798,2025-08-05 18:24:34.798089+05:30,19,3
990,1996446,582,511,1754398474898,2025-08-05 18:24:34.898899+05:30,19,3
991,1996548,583,508,1754398474999,2025-08-05 18:24:34.999819+05:30,19,3
992,1996648,583,510,1754398475100,2025-08-05 18:24:35.100672+05:30,19,3
993,1996749,582,524,1754398475201,2025-08-05 18:24:35.201518+05:30,19,3
994,1996850,584,508,1754398475302,2025-08-05 18:24:35.302569+05:30,19,3
995,1996951,584,507,1754398475403,2025-08-05 18:24:35.403514+05:30,19,3
996,1997051,584,510,1754398475504,2025-08-05 18:24:35.504182+05:30,19,3
997,1997153,584,510,1754398475605,2025-08-05 18:24:35.605044+05:30,19,3
998,1997253,583,511,1754398475705,2025-08-05 18:24:35.705958+05:30,19,3
999,1997355,583,523,1754398475806,2025-08-05 18:24:35.806840+05:30,19,3
1000,1997455,582,515,1754398475907,2025-08-05 18:24:35.907822+05:30,19,3
1001,1997556,581,508,1754398476008,2025-08-05 18:24:36.008500+05:30,19,3
1002,1997657,580,509,1754398476109,2025-08-05 18:24:36.109477+05:30,19,3
1003,1997758,580,509,1754398476210,2025-08-05 18:24:36.210399+05:30,19,3
1004,1997858,579,511,1754398476311,2025-08-05 18:24:36.311197+05:30,19,3
1005,1997960,579,513,1754398476412,2025-08-05 18:24:36.412064+05:30,19,3
1006,1998060,579,522,1754398476512,2025-08-05 18:24:36.512927+05:30,19,3
1007,1998161,578,508,1754398476613,2025-08-05 18:24:36.613796+05:30,19,3
1008,1998262,580,507,1754398476714,2025-08-05 18:24:36.714801+05:30,19,3
1009,1998363,580,514,1754398476815,2025-08-05 18:24:36.815502+05:30,19,3
1010,1998464,581,508,1754398476916,2025-08-05 18:24:36.916512+05:30,19,3
1011,1998565,581,510,1754398477017,2025-08-05 18:24:37.017376+05:30,19,3
1012,1998665,582,523,1754398477118,2025-08-05 18:24:37.118317+05:30,19,3
1013,1998767,583,512,1754398477219,2025-08-05 18:24:37.219112+05:30,19,3
1014,1998867,584,509,1754398477320,2025-08-05 18:24:37.320071+05:30,19,3
1015,1998968,584,511,1754398477421,2025-08-05 18:24:37.421095+05:30,19,3
1016,1999070,585,511,1754398477521,2025-08-05 18:24:37.521803+05:30,19,3
1017,1999170,584,510,1754398477622,2025-08-05 18:24:37.622653+05:30,19,3
1018,1999271,585,520,1754398477723,2025-08-05 18:24:37.723522+05:30,19,3
1019,1999372,584,513,1754398477824,2025-08-05 18:24:37.824685+05:30,19,3
1020,1999473,584,507,1754398477925,2025-08-05 18:24:37.925210+05:30,19,3
1021,1999574,582,514,1754398478026,2025-08-05 18:24:38.026118+05:30,19,3
1022,1999675,582,512,1754398478127,2025-08-05 18:24:38.127024+05:30,19,3
1023,1999775,580,510,1754398478227,2025-08-05 18:24:38.227965+05:30,19,3
1024,1999877,580,516,1754398478328,2025-08-05 18:24:38.328911+05:30,19,3
1025,1999977,580,518,1754398478429,2025-08-05 18:24:38.429694+05:30,19,3
1026,2000078,580,507,1754398478530,2025-08-05 18:24:38.530600+05:30,19,3
1027,2000179,581,507,1754398478631,2025-08-05 18:24:38.631654+05:30,19,3
1028,2000280,578,510,1754398478732,2025-08-05 18:24:38.732310+05:30,19,3
1029,2000380,579,510,1754398478833,2025-08-05 18:24:38.833385+05:30,19,3
1030,2000482,580,516,1754398478934,2025-08-05 18:24:38.934421+05:30,19,3
1031,2000582,580,522,1754398479035,2025-08-05 18:24:39.035409+05:30,19,3
1032,2000684,582,509,1754398479136,2025-08-05 18:24:39.136093+05:30,19,3
1033,2000784,582,509,1754398479237,2025-08-05 18:24:39.237033+05:30,19,3
1034,2000885,583,512,1754398479337,2025-08-05 18:24:39.337898+05:30,19,3
1035,2000986,584,510,1754398479438,2025-08-05 18:24:39.438751+05:30,19,3
1036,2001087,584,514,1754398479539,2025-08-05 18:24:39.539503+05:30,19,3
1037,2001187,584,522,1754398479640,2025-08-05 18:24:39.640431+05:30,19,3
1038,2001289,584,510,1754398479741,2025-08-05 18:24:39.741223+05:30,19,3
1039,2001389,584,508,1754398479842,2025-08-05 18:24:39.842168+05:30,19,3
1040,2001490,584,510,1754398479943,2025-08-05 18:24:39.943257+05:30,19,3
1041,2001591,584,510,1754398480044,2025-08-05 18:24:40.044106+05:30,19,3
1042,2001692,583,513,1754398480144,2025-08-05 18:24:40.144896+05:30,19,3
1043,2001794,583,520,1754398480246,2025-08-05 18:24:40.246171+05:30,19,3
1044,2001894,580,511,1754398480346,2025-08-05 18:24:40.346500+05:30,19,3
1045,2001995,580,509,1754398480447,2025-08-05 18:24:40.447404+05:30,19,3
1046,2002096,579,512,1754398480548,2025-08-05 18:24:40.548177+05:30,19,3
1047,2002197,580,510,1754398480649,2025-08-05 18:24:40.648997+05:30,19,3
1048,2002297,579,513,1754398480749,2025-08-05 18:24:40.749902+05:30,19,3
1049,2002399,579,522,1754398480850,2025-08-05 18:24:40.850852+05:30,19,3
1050,2002499,580,510,1754398480951,2025-08-05 18:24:40.951671+05:30,19,3
1051,2002600,579,508,1754398481052,2025-08-05 18:24:41.052511+05:30,19,3
1052,2002701,581,511,1754398481153,2025-08-05 18:24:41.153578+05:30,19,3
1053,2002802,581,510,1754398481254,2025-08-05 18:24:41.254291+05:30,19,3
1054,2002903,582,513,1754398481355,2025-08-05 18:24:41.355189+05:30,19,3
1055,2003004,583,523,1754398481456,2025-08-05 18:24:41.456074+05:30,19,3
1056,2003104,584,507,1754398481557,2025-08-05 18:24:41.557207+05:30,19,3
1057,2003206,584,510,1754398481657,2025-08-05 18:24:41.657863+05:30,19,3
1058,2003306,585,512,1754398481758,2025-08-05 18:24:41.758677+05:30,19,3
1059,2003407,584,511,1754398481859,2025-08-05 18:24:41.859578+05:30,19,3
1060,2003508,584,514,1754398481960,2025-08-05 18:24:41.960428+05:30,19,3
1061,2003609,584,522,1754398482061,2025-08-05 18:24:42.061405+05:30,19,3
1062,2003709,584,511,1754398482162,2025-08-05 18:24:42.162234+05:30,19,3
1063,2003811,585,510,1754398482263,2025-08-05 18:24:42.263140+05:30,19,3
1064,2003911,584,509,1754398482364,2025-08-05 18:24:42.364116+05:30,19,3
1065,2004013,582,511,1754398482464,2025-08-05 18:24:42.464871+05:30,19,3
1066,2004113,580,513,1754398482565,2025-08-05 18:24:42.565802+05:30,19,3
1067,2004214,581,522,1754398482666,2025-08-05 18:24:42.666628+05:30,19,3
1068,2004315,580,510,1754398482767,2025-08-05 18:24:42.767564+05:30,19,3
1069,2004416,579,509,1754398482868,2025-08-05 18:24:42.868380+05:30,19,3
1070,2004516,579,511,1754398482969,2025-08-05 18:24:42.969255+05:30,19,3
1071,2004618,579,511,1754398483070,2025-08-05 18:24:43.070195+05:30,19,3
1072,2004718,579,512,1754398483171,2025-08-05 18:24:43.171099+05:30,19,3
1073,2004819,580,523,1754398483272,2025-08-05 18:24:43.272244+05:30,19,3
1074,2004921,581,513,1754398483372,2025-08-05 18:24:43.372856+05:30,19,3
1075,2005021,581,512,1754398483473,2025-08-05 18:24:43.473641+05:30,19,3
1076,2005123,582,511,1754398483574,2025-08-05 18:24:43.574599+05:30,19,3
1077,2005223,583,510,1754398483675,2025-08-05 18:24:43.675703+05:30,19,3
1078,2005324,584,511,1754398483776,2025-08-05 18:24:43.776336+05:30,19,3
1079,2005425,585,522,1754398483877,2025-08-05 18:24:43.877656+05:30,19,3
1080,2005526,584,515,1754398483978,2025-08-05 18:24:43.978138+05:30,19,3
1081,2005626,586,509,1754398484079,2025-08-05 18:24:44.079124+05:30,19,3
1082,2005728,585,514,1754398484180,2025-08-05 18:24:44.180139+05:30,19,3
1083,2005828,584,510,1754398484280,2025-08-05 18:24:44.280863+05:30,19,3
1084,2005929,585,507,1754398484381,2025-08-05 18:24:44.381758+05:30,19,3
1085,2006030,583,519,1754398484482,2025-08-05 18:24:44.482594+05:30,19,3
1086,2006131,583,520,1754398484583,2025-08-05 18:24:44.583396+05:30,19,3
1087,2006232,582,507,1754398484684,2025-08-05 18:24:44.684230+05:30,19,3
1088,2006333,581,511,1754398484785,2025-08-05 18:24:44.785103+05:30,19,3
1089,2006433,580,511,1754398484885,2025-08-05 18:24:44.885978+05:30,19,3
1090,2006535,579,510,1754398484986,2025-08-05 18:24:44.986850+05:30,19,3
1091,2006635,579,514,1754398485087,2025-08-05 18:24:45.087741+05:30,19,3
1092,2006736,579,522,1754398485188,2025-08-05 18:24:45.188657+05:30,19,3
1093,2006837,580,509,1754398485289,2025-08-05 18:24:45.289563+05:30,19,3
1094,2006938,580,509,1754398485390,2025-08-05 18:24:45.390337+05:30,19,3
1095,2007038,580,513,1754398485491,2025-08-05 18:24:45.491202+05:30,19,3
1096,2007140,582,509,1754398485592,2025-08-05 18:24:45.592262+05:30,19,3
1097,2007240,582,509,1754398485693,2025-08-05 18:24:45.693047+05:30,19,3
1098,2007342,582,523,1754398485793,2025-08-05 18:24:45.793864+05:30,19,3
1099,2007442,583,514,1754398485894,2025-08-05 18:24:45.894921+05:30,19,3
1100,2007543,584,507,1754398485995,2025-08-05 18:24:45.995666+05:30,19,3
1101,2007644,584,510,1754398486096,2025-08-05 18:24:46.096604+05:30,19,3
1102,2007745,584,509,1754398486197,2025-08-05 18:24:46.197478+05:30,19,3
1103,2007845,586,505,1754398486298,2025-08-05 18:24:46.298288+05:30,19,3
1104,2007947,584,517,1754398486399,2025-08-05 18:24:46.399127+05:30,19,3
1105,2008048,584,523,1754398486500,2025-08-05 18:24:46.500052+05:30,19,3
1106,2008148,584,507,1754398486601,2025-08-05 18:24:46.601253+05:30,19,3
1107,2008250,583,510,1754398486702,2025-08-05 18:24:46.702026+05:30,19,3
1108,2008350,582,511,1754398486802,2025-08-05 18:24:46.802923+05:30,19,3
1109,2008452,581,511,1754398486903,2025-08-05 18:24:46.903608+05:30,19,3
1110,2008552,581,510,1754398487004,2025-08-05 18:24:47.004408+05:30,19,3
1111,2008653,580,522,1754398487105,2025-08-05 18:24:47.105509+05:30,19,3
1112,2008754,579,515,1754398487206,2025-08-05 18:24:47.206387+05:30,19,3
1113,2008855,579,507,1754398487307,2025-08-05 18:24:47.307370+05:30,19,3
1114,2008955,579,510,1754398487408,2025-08-05 18:24:47.408244+05:30,19,3
1115,2009057,581,511,1754398487509,2025-08-05 18:24:47.509045+05:30,19,3
1116,2009157,581,510,1754398487609,2025-08-05 18:24:47.609928+05:30,19,3
1117,2009259,580,515,1754398487710,2025-08-05 18:24:47.710912+05:30,19,3
1118,2009359,581,520,1754398487811,2025-08-05 18:24:47.811808+05:30,19,3
1119,2009460,582,509,1754398487912,2025-08-05 18:24:47.912500+05:30,19,3
1120,2009561,584,512,1754398488013,2025-08-05 18:24:48.013423+05:30,19,3
1121,2009662,583,510,1754398488114,2025-08-05 18:24:48.114464+05:30,19,3
1122,2009762,584,510,1754398488215,2025-08-05 18:24:48.215518+05:30,19,3
1123,2009864,584,511,1754398488315,2025-08-05 18:24:48.315962+05:30,19,3
1124,2009964,585,522,1754398488416,2025-08-05 18:24:48.416835+05:30,19,3
1125,2010065,585,511,1754398488517,2025-08-05 18:24:48.517759+05:30,19,3
1126,2010166,585,511,1754398488618,2025-08-05 18:24:48.618608+05:30,19,3
1127,2010267,584,511,1754398488719,2025-08-05 18:24:48.719653+05:30,19,3
1128,2010368,584,510,1754398488820,2025-08-05 18:24:48.820464+05:30,19,3
1129,2010469,583,511,1754398488921,2025-08-05 18:24:48.921235+05:30,19,3
1130,2010569,582,522,1754398489022,2025-08-05 18:24:49.022099+05:30,19,3
1131,2010671,581,514,1754398489122,2025-08-05 18:24:49.122905+05:30,19,3
1132,2010771,580,505,1754398489223,2025-08-05 18:24:49.223791+05:30,19,3
1133,2010872,580,513,1754398489324,2025-08-05 18:24:49.324811+05:30,19,3
1134,2010974,580,510,1754398489425,2025-08-05 18:24:49.425636+05:30,19,3
1135,2011074,579,511,1754398489526,2025-08-05 18:24:49.526508+05:30,19,3
1136,2011175,579,519,1754398489627,2025-08-05 18:24:49.627525+05:30,19,3
1137,2011276,580,519,1754398489728,2025-08-05 18:24:49.728652+05:30,19,3
1138,2011377,580,509,1754398489829,2025-08-05 18:24:49.829406+05:30,19,3
1139,2011478,580,509,1754398489930,2025-08-05 18:24:49.930100+05:30,19,3
1140,2011579,581,510,1754398490031,2025-08-05 18:24:50.031067+05:30,19,3
1141,2011679,582,511,1754398490131,2025-08-05 18:24:50.131933+05:30,19,3
1142,2011781,583,512,1754398490232,2025-08-05 18:24:50.232874+05:30,19,3
1143,2011881,583,525,1754398490333,2025-08-05 18:24:50.333693+05:30,19,3
1144,2011982,584,513,1754398490434,2025-08-05 18:24:50.434649+05:30,19,3
1145,2012083,585,509,1754398490535,2025-08-05 18:24:50.535477+05:30,19,3
1146,2012184,586,511,1754398490636,2025-08-05 18:24:50.636392+05:30,19,3
1147,2012284,585,509,1754398490737,2025-08-05 18:24:50.737024+05:30,19,3
1148,2012386,584,509,1754398490837,2025-08-05 18:24:50.837905+05:30,19,3
1149,2012486,584,519,1754398490938,2025-08-05 18:24:50.938837+05:30,19,3
1150,2012588,583,521,1754398491039,2025-08-05 18:24:51.039799+05:30,19,3
1151,2012688,583,509,1754398491140,2025-08-05 18:24:51.140623+05:30,19,3
1152,2012789,582,512,1754398491241,2025-08-05 18:24:51.241476+05:30,19,3
1153,2012890,582,511,1754398491342,2025-08-05 18:24:51.342357+05:30,19,3
1154,2012991,581,510,1754398491443,2025-08-05 18:24:51.443290+05:30,19,3
1155,2013091,581,513,1754398491544,2025-08-05 18:24:51.544044+05:30,19,3
1156,2013193,580,521,1754398491644,2025-08-05 18:24:51.644929+05:30,19,3
1157,2013293,580,513,1754398491745,2025-08-05 18:24:51.745812+05:30,19,3
1158,2013394,581,513,1754398491846,2025-08-05 18:24:51.846803+05:30,19,3
1159,2013495,579,509,1754398491947,2025-08-05 18:24:51.947740+05:30,19,3
1160,2013596,582,508,1754398492048,2025-08-05 18:24:52.048486+05:30,19,3
1161,2013698,581,509,1754398492149,2025-08-05 18:24:52.149381+05:30,19,3
1162,2013798,581,519,1754398492250,2025-08-05 18:24:52.250319+05:30,19,3
1163,2013899,582,521,1754398492351,2025-08-05 18:24:52.351128+05:30,19,3
1164,2014000,583,508,1754398492452,2025-08-05 18:24:52.452019+05:30,19,3
1165,2014101,584,509,1754398492552,2025-08-05 18:24:52.552926+05:30,19,3
1166,2014201,585,510,1754398492653,2025-08-05 18:24:52.653750+05:30,19,3
1167,2014303,585,512,1754398492754,2025-08-05 18:24:52.754588+05:30,19,3
1168,2014403,585,510,1754398492855,2025-08-05 18:24:52.855547+05:30,19,3
1169,2014504,585,522,1754398492956,2025-08-05 18:24:52.956440+05:30,19,3
1170,2014605,584,514,1754398493057,2025-08-05 18:24:53.057334+05:30,19,3
