999,678,511,1763632509816,2025-11-20 15:25:09.816482+05:30
1100,678,514,1763632510399,2025-11-20 15:25:10.399039+05:30
1201,677,507,1763632510500,2025-11-20 15:25:10.500718+05:30
1302,678,510,1763632510601,2025-11-20 15:25:10.601315+05:30
1402,678,510,1763632510702,2025-11-20 15:25:10.702137+05:30
1503,678,516,1763632510803,2025-11-20 15:25:10.802972+05:30
1604,678,521,1763632510903,2025-11-20 15:25:10.903632+05:30
1704,678,507,1763632511004,2025-11-20 15:25:11.004426+05:30
1805,676,513,1763632511105,2025-11-20 15:25:11.105096+05:30
1906,676,510,1763632511205,2025-11-20 15:25:11.205937+05:30
2007,677,511,1763632511306,2025-11-20 15:25:11.306630+05:30
2108,677,509,1763632511407,2025-11-20 15:25:11.407394+05:30
2208,677,523,1763632511507,2025-11-20 15:25:11.507897+05:30
2309,677,509,1763632511608,2025-11-20 15:25:11.608952+05:30
2410,678,513,1763632511709,2025-11-20 15:25:11.709513+05:30
2510,678,521,1763632511810,2025-11-20 15:25:11.810214+05:30
2611,678,510,1763632511910,2025-11-20 15:25:11.910964+05:30
2712,678,513,1763632512011,2025-11-20 15:25:12.011760+05:30
2812,677,513,1763632512112,2025-11-20 15:25:12.112538+05:30
2914,678,511,1763632512213,2025-11-20 15:25:12.213376+05:30
3014,678,518,1763632512314,2025-11-20 15:25:12.314128+05:30
3115,678,517,1763632512414,2025-11-20 15:25:12.414849+05:30
3216,678,514,1763632512515,2025-11-20 15:25:12.515564+05:30
3316,678,510,1763632512616,2025-11-20 15:25:12.616316+05:30
3418,678,513,1763632512717,2025-11-20 15:25:12.716994+05:30
3518,678,515,1763632512817,2025-11-20 15:25:12.817709+05:30
3618,678,513,1763632512918,2025-11-20 15:25:12.918468+05:30
3720,678,509,1763632513019,2025-11-20 15:25:13.019145+05:30
3820,678,512,1763632513119,2025-11-20 15:25:13.119962+05:30
3920,678,509,1763632513220,2025-11-20 15:25:13.220627+05:30
4022,679,515,1763632513321,2025-11-20 15:25:13.321521+05:30
4122,676,505,1763632513422,2025-11-20 15:25:13.422268+05:30
4224,678,516,1763632513523,2025-11-20 15:25:13.523435+05:30
4324,677,507,1763632513624,2025-11-20 15:25:13.624206+05:30
4424,677,509,1763632513725,2025-11-20 15:25:13.725093+05:30
4526,677,514,1763632513825,2025-11-20 15:25:13.825289+05:30
4626,677,522,1763632513926,2025-11-20 15:25:13.925983+05:30
4727,678,511,1763632514026,2025-11-20 15:25:14.026671+05:30
4828,677,518,1763632514127,2025-11-20 15:25:14.127417+05:30
4928,677,504,1763632514228,2025-11-20 15:25:14.228284+05:30
5029,677,512,1763632514329,2025-11-20 15:25:14.329053+05:30
5130,677,517,1763632514429,2025-11-20 15:25:14.429832+05:30
5230,677,518,1763632514530,2025-11-20 15:25:14.530364+05:30
5331,678,514,1763632514631,2025-11-20 15:25:14.631312+05:30
5432,678,516,1763632514732,2025-11-20 15:25:14.732044+05:30
